TOT_OA_CD,ADM_CD,Admin,Abs_mean,dRL_mean,dNB_mean,SAVI,DEM,Elderly_Ratio,Old_housing_Ratio,cx,cy,Z_Abs,Z_Elderly,Z_dNB,Z_Old,Z_dRL,Track1_Score,Track2_Score
24040560050001,24040560.0,신안동,43.3554,0.19124,0.00294,0.12917,40.41,22.0,22.2,945892.42,1685699.8,1.1598,-0.07376,0.17331,12.16728,-0.34724,1.08604,11.99335
24040810060001,24040810.0,건국동,35.7123,-2.76752,0.0107,0.36349,25.161,7.400000000000037,13.59999999999994,942419.59,1693264.29,-1.60158,-0.92954,0.60521,7.20184,-2.0369,-2.53112,5.77015
24040700020003,24040700.0,삼각동,40.9615,2.62485,0.0158,0.18853,49.962,11.5,13.3,945292.42,1689149.8,0.29491,-0.68922,0.88906,7.02862,1.04252,-0.39431,8.9602
24040800020001,24040800.0,양산동,39.2402,0.40618,0.0177,0.26042,20.457,76.60000000000022,10.0,941803.5,1689628.84,-0.32698,3.1266,0.99481,5.12328,-0.22449,2.79962,5.8936
24040820050002,24040820.0,신용동,36.4492,0.7272,0.00766,0.36584,23.208,0.0,7.699999999999996,942148.87,1691540.12,-1.33534,-1.36329,0.43601,3.79531,-0.04117,-2.69863,4.19015
24040810050302,24040810.0,건국동,35.0716,2.034,0.09385,0.24234,45.233,4.4,0.0,942642.42,1691449.8,-1.83305,-1.10539,5.23311,-0.65049,0.7051,-2.93844,5.28772
24040560050003,24040560.0,신안동,43.4237,-0.80204,-0.00369,0.13603,43.799,57.7,10.5,946002.42,1685479.8,1.18447,2.01878,-0.1957,5.41197,-0.91447,3.20325,4.3018
24040800020002,24040800.0,양산동,40.6176,1.17675,0.0078,0.149,42.63,64.1,6.7,942962.42,1690689.8,0.17066,2.39392,0.4438,3.21794,0.21555,2.56458,3.87729
24040630010004,24040630.0,24040630,41.4632,0.50731,-0.00215,0.23937,58.41,14.800000000000006,7.0,947780.51,1685635.51,0.47617,-0.49579,-0.10999,3.39115,-0.16674,-0.01962,3.11442
24040810030001,24040810.0,건국동,32.6691,-2.74745,0.0462,0.42129,31.98,66.70000000000022,3.899999999999986,942230.71,1694310.29,-2.70105,2.54632,2.58104,1.60128,-2.02544,-0.15473,2.15688
24040810050102,24040810.0,건국동,37.5471,2.10493,0.05081,0.16723,44.017,7.0,0.0,942992.42,1691449.8,-0.93868,-0.95299,2.83762,-0.65049,0.74561,-1.89167,2.93274
24040560040002,24040560.0,신안동,43.0863,1.19621,-0.00155,0.21192,39.188,58.8,6.700000000000001,945785.28,1686106.94,1.06257,2.08326,-0.0766,3.21794,0.22667,3.14583,3.36801
24040800020004,24040800.0,양산동,39.5161,-0.37542,0.01496,0.33416,27.149,20.600000000000005,2.5,942609.09,1689922.02,-0.2273,-0.15583,0.84231,0.79295,-0.67084,-0.38313,0.96442
24040810010005,24040810.0,건국동,33.8032,-0.09236,0.00282,0.48238,65.492,33.2,4.900000000000014,944621.31,1692335.96,-2.29131,0.58272,0.16663,2.17866,-0.5092,-1.70859,1.83609
24040820040001,24040820.0,신용동,39.5823,-0.01237,0.00106,0.30413,36.632,0.0,8.3,942542.42,1690599.8,-0.20338,-1.36329,0.06867,4.14174,-0.46352,-1.56667,3.74689
24040831010007,24040831.0,중흥동,41.0002,2.34103,-0.00158,0.10546,39.075,4.2,7.7,946792.42,1686649.8,0.30889,-1.11711,-0.07827,3.79531,0.88044,-0.80822,4.59748
24040780010001,24040780.0,24040780,39.9075,0.52455,-0.00018,0.25304,67.176,7.299999999999998,4.9,944859.09,1690649.8,-0.08589,-0.9354,-0.00035,2.17866,-0.1569,-1.02129,2.02141
24040800020007,24040800.0,양산동,41.1025,1.08702,0.01284,0.24538,34.834,26.0,1.8000000000000005,942575.75,1690305.36,0.34585,0.16069,0.72431,0.38879,0.16431,0.50654,1.27741
24040800010008,24040800.0,양산동,40.8474,0.95953,0.00751,0.1596,43.12,8.299999999999999,4.1000000000000005,943225.75,1690866.47,0.25368,-0.87679,0.42766,1.71676,0.09151,-0.62311,2.23593
24040640010006,24040640.0,문흥동,42.6349,1.73947,0.016,0.13432,55.397,20.9,1.8,947942.42,1687516.47,0.89949,-0.13824,0.90019,0.38879,0.53691,0.76125,1.82589
24040810050301,24040810.0,건국동,35.2115,1.60802,0.05947,0.31582,45.031,2.3,0.0,942742.42,1691449.8,-1.78251,-1.22848,3.31961,-0.65049,0.46184,-3.01099,3.13096
24040680010001,24040680.0,두암2동,43.843,1.837,0.00175,0.11938,52.633,51.29999999999999,3.0,948009.09,1686516.47,1.33596,1.64365,0.10707,1.08164,0.5926,2.97961,1.78131
24040810050001,24040810.0,건국동,36.9801,-0.11074,0.01709,0.36414,33.49,20.599999999999984,1.9000000000000024,942823.85,1691734.09,-1.14353,-0.15583,0.96086,0.44653,-0.51969,-1.29936,0.8877
24040600010001,24040600.0,24040600,36.5535,1.26365,0.03744,0.33705,50.853,8.5,2.5,943294.07,1687924.53,-1.29766,-0.86506,2.09348,0.79295,0.26518,-2.16272,3.15161
24040640010001,24040640.0,문흥동,42.1829,1.83352,0.00724,0.16837,53.094,19.1,2.7,948022.42,1687589.8,0.73619,-0.24375,0.41263,0.90843,0.59062,0.49244,1.91168
24040560050004,24040560.0,신안동,43.25,-0.47055,-0.00215,0.1383,39.398,26.1,5.299999999999999,945724.24,1685640.71,1.12172,0.16656,-0.10999,2.40961,-0.72517,1.28828,1.57445
24040800020008,24040800.0,양산동,42.3144,1.04578,0.01523,0.16833,40.524,23.6,2.5,942854.92,1690287.3,0.78369,0.02002,0.85733,0.79295,0.14076,0.80371,1.79104
24040600010301,24040600.0,24040600,38.7475,1.89062,0.02907,0.23647,44.877,8.5,0.0,943242.42,1687749.8,-0.50499,-0.86506,1.62763,-0.65049,0.62322,-1.37005,1.60036
24040630010007,24040630.0,24040630,43.4996,2.20425,0.00239,0.17229,53.152,22.5,1.6999999999999995,947428.13,1685678.37,1.2119,-0.04446,0.14269,0.33105,0.80233,1.16744,1.27607
24040510020001,24040510.0,용봉동,44.8156,0.41165,0.00908,0.11055,41.313,64.7,2.6,946422.42,1685189.8,1.68735,2.42909,0.51504,0.85069,-0.22137,4.11644,1.14436
24040720010012,24040720.0,24040720,43.6093,2.81504,0.02821,0.15088,47.154,22.5,1.7,946442.42,1688299.8,1.25153,-0.04446,1.57977,0.33105,1.15113,1.20707,3.06195
24040680010006,24040680.0,두암2동,42.5559,1.11602,0.00778,0.11297,51.611,28.5,2.2,947892.42,1686649.8,0.87095,0.30723,0.44269,0.61974,0.18087,1.17818,1.2433
24040510020006,24040510.0,용봉동,44.0452,0.07647,0.0021,0.13739,41.972,40.0,3.7000000000000006,946775.75,1685683.13,1.40902,0.9813,0.12655,1.48581,-0.41278,2.39032,1.19958
24040630010001,24040630.0,24040630,43.8278,2.70185,0.00802,0.20551,50.357,53.6,2.3000000000000003,947275.75,1685866.47,1.33047,1.77846,0.45604,0.67748,1.08649,3.10893,2.22001
24040540020001,24040540.0,우산동,43.3443,0.39816,0.00314,0.15777,41.56,35.60000000000001,4.200000000000001,945700.75,1685024.8,1.15579,0.7234,0.18444,1.77449,-0.22907,1.87919,1.72986
24040720010005,24040720.0,24040720,43.2699,3.94748,0.00888,0.15517,46.241,24.9,2.8000000000000003,945992.42,1688249.8,1.12891,0.09622,0.50391,0.96617,1.79783,1.22513,3.26791
24040720010010,24040720.0,24040720,43.2866,3.82818,0.00836,0.13474,43.818,24.8,2.8,945992.42,1688049.8,1.13494,0.09036,0.47497,0.96617,1.72971,1.2253,3.17085
24040660020005,24040660.0,24040660,41.2775,-0.73551,-0.00152,0.1621,47.058,38.2,3.1,946975.75,1687183.13,0.40907,0.8758,-0.07493,1.13938,-0.87648,1.28487,0.18797
24040590020005,24040590.0,24040590,43.5303,2.56925,0.00663,0.13132,32.983,17.7,4.5,943792.42,1686666.47,1.22299,-0.32581,0.37868,1.94771,1.01077,0.89718,3.33716
24040820050101,24040820.0,신용동,37.917,0.75455,0.07131,0.28874,45.162,0.0,0.0,942442.42,1691599.8,-0.80504,-1.36329,3.9786,-0.65049,-0.02555,-2.16833,3.30256
24040570040024,24040570.0,임동,41.9225,2.32138,0.00708,0.15018,44.362,2.7,4.3,945392.42,1687049.8,0.64211,-1.20503,0.40373,1.83223,0.86922,-0.56292,3.10518
24040570040008,24040570.0,임동,43.0984,2.69078,0.01076,0.15927,38.059,6.4,6.1,945342.42,1687499.8,1.06695,-0.98816,0.60855,2.87151,1.08017,0.07879,4.56023
24040510020005,24040510.0,용봉동,43.9478,0.92782,0.00924,0.15093,41.496,30.800000000000004,2.6,946656.71,1685535.51,1.37383,0.44205,0.52395,0.85069,0.0734,1.81588,1.44804
24040700020301,24040700.0,삼각동,41.1886,2.6462,0.02838,0.19642,63.9,21.1,0.6,945242.42,1689049.8,0.37696,-0.12652,1.58923,-0.30406,1.05471,0.25044,2.33988
24040570040018,24040570.0,임동,40.4451,-0.06213,0.00559,0.15046,53.386,4.4,5.1,946642.42,1687316.47,0.10834,-1.10539,0.3208,2.29413,-0.49193,-0.99705,2.123
24040730010001,24040730.0,오치2동,42.4245,3.40716,0.00835,0.18184,42.263,18.0,2.6000000000000005,945632.42,1687909.8,0.82347,-0.30822,0.47441,0.85069,1.48927,0.51525,2.81437
24040570020006,24040570.0,임동,44.9746,2.21117,0.00706,0.12734,34.392,18.300000000000004,2.5,944950.75,1687066.47,1.7448,-0.29064,0.40261,0.79295,0.80628,1.45416,2.00184
24040810010001,24040810.0,건국동,41.2443,0.83206,0.00939,0.17452,42.91,24.800000000000008,2.5,943392.42,1691364.09,0.39708,0.09036,0.5323,0.79295,0.01871,0.48744,1.34396
24040640010101,24040640.0,문흥동,42.1255,2.36815,0.01468,0.205,65.942,34.1,0.9,948442.42,1687649.8,0.71545,0.63547,0.82672,-0.13085,0.89593,1.35092,1.5918
24040650010004,24040650.0,24040650,42.1416,1.04289,0.00903,0.13901,68.132,17.1,1.3,947717.42,1688149.8,0.72126,-0.36098,0.51226,0.1001,0.13911,0.36028,0.75147
24040620010014,24040620.0,24040620,43.4197,0.03221,0.00011,0.147,49.481,28.9,2.3,947592.42,1686549.8,1.18303,0.33068,0.0158,0.67748,-0.43806,1.51371,0.25522
24040640010005,24040640.0,문흥동,41.1736,-1.0427,0.00413,0.15105,61.528,26.1,1.7,947562.42,1687309.8,0.37154,0.16656,0.23954,0.33105,-1.05191,0.5381,-0.48132
24040720020001,24040720.0,24040720,41.1403,3.05673,-0.00647,0.22921,53.849,20.4,3.3999999999999995,946113.85,1687664.09,0.3595,-0.16755,-0.35043,1.31259,1.28915,0.19195,2.25131
24040710011102,24040710.0,24040710,41.436,2.39411,0.0252,0.17448,60.992,37.5,0.4,944642.42,1688649.8,0.46634,0.83476,1.41224,-0.41954,0.91075,1.3011,1.90345
24040620010501,24040620.0,24040620,39.1357,-2.47992,0.01925,0.15003,50.304,62.0,0.5,947142.42,1687399.8,-0.36474,2.27083,1.08108,-0.3618,-1.87266,1.90609,-1.15338
24040650010001,24040650.0,24040650,42.5173,2.32917,0.00963,0.15443,77.57,17.4,1.4,947492.42,1688399.8,0.857,-0.34339,0.54565,0.15784,0.87367,0.51361,1.57716
24040800020101,24040800.0,양산동,41.3103,-0.97531,0.01796,0.155,37.322,18.2,0.4,943142.42,1689549.8,0.42092,-0.2965,1.00928,-0.41954,-1.01342,0.12442,-0.42368
24040670010010,24040670.0,24040670,43.5632,2.17749,0.01117,0.13992,49.775,31.5,1.9,947875.75,1686416.47,1.23487,0.48308,0.63137,0.44653,0.78705,1.71795,1.86495
24040710011601,24040710.0,24040710,42.1247,2.44277,0.02788,0.12232,48.157,14.9,0.8,944842.42,1688649.8,0.71516,-0.48993,1.5614,-0.18859,0.93854,0.22523,2.31135
24040810040003,24040810.0,건국동,32.1149,-2.98563,0.00512,0.48729,37.525,91.40000000000074,1.3000000000000038,946529.65,1695130.41,-2.90128,3.9941,0.29464,0.1001,-2.16145,1.09282,-1.76671
24040800010007,24040800.0,양산동,39.4813,0.44921,0.016,0.37989,64.783,15.0,1.400000000000003,943844.09,1689403.97,-0.23987,-0.48407,0.90019,0.15784,-0.19992,-0.72394,0.85811
24040680020001,24040680.0,두암2동,43.8135,2.49334,0.0047,0.13724,65.226,26.3,2.1,948492.42,1686599.8,1.3253,0.17828,0.27126,0.562,0.96742,1.50358,1.80068
24040670010003,24040670.0,24040670,44.0078,2.40192,0.00705,0.14429,48.967,33.7,1.8,947842.42,1686249.8,1.3955,0.61203,0.40206,0.38879,0.91521,2.00753,1.70606
24040680010002,24040680.0,두암2동,41.2221,0.79181,-0.00185,0.16631,54.016,27.4,2.3000000000000003,947917.42,1686862.3,0.38906,0.24276,-0.09329,0.67748,-0.00427,0.63182,0.57992
24040810050002,24040810.0,건국동,33.5602,-0.52891,-0.00234,0.45453,24.151,34.899999999999785,2.600000000000015,943452.18,1693069.92,-2.37911,0.68237,-0.12057,0.85069,-0.7585,-1.69674,-0.02838
24040640010003,24040640.0,문흥동,43.009,2.36919,0.00791,0.2348,66.847,9.600000000000003,0.8000000000000004,948565.28,1687846.94,1.03465,-0.80059,0.44992,-0.18859,0.89652,0.23406,1.15785
24040680010008,24040680.0,두암2동,43.5919,2.7485,0.01466,0.16427,67.13,27.0,1.7,948342.42,1687166.47,1.24524,0.21931,0.82561,0.33105,1.11313,1.46455,2.26979
24040820020102,24040820.0,신용동,38.5308,1.01262,0.02156,0.20382,21.125,6.9,0.0,942242.42,1690999.8,-0.58328,-0.95885,1.20965,-0.65049,0.12182,-1.54213,0.68098
24040810010002,24040810.0,건국동,40.3551,0.15506,0.01976,0.21338,39.86,19.6,3.100000000000001,943709.09,1691558.13,0.07582,-0.21444,1.10946,1.13938,-0.3679,-0.13862,1.88094
24040720010002,24040720.0,24040720,36.0214,1.76569,-0.00024,0.41991,74.944,16.700000000000017,2.7,946962.06,1688651.59,-1.4899,-0.38442,-0.00368,0.90843,0.55188,-1.87432,1.45663
24040680010009,24040680.0,두암2동,42.8549,1.24721,0.00024,0.14509,62.684,21.6,2.5,948022.42,1687299.8,0.97897,-0.09721,0.02303,0.79295,0.25579,0.88176,1.07177
24040700010001,24040700.0,삼각동,33.4502,-0.0563,-0.00553,0.5012,103.94,61.20000000000024,2.7000000000000024,946256.89,1690112.78,-2.41885,2.22394,-0.29811,0.90843,-0.4886,-0.19491,0.12172
24040570040014,24040570.0,임동,43.1055,2.15644,0.00653,0.12592,37.035,9.8,3.6,945192.42,1687049.8,1.06951,-0.78887,0.37312,1.42807,0.77503,0.28064,2.57622
24040820020001,24040820.0,신용동,41.8459,2.70575,0.03021,0.1341,20.788,4.5,0.0,942242.42,1690499.8,0.61443,-1.09952,1.69108,-0.65049,1.08872,-0.48509,2.12931
24040800021401,24040800.0,양산동,38.9497,-0.74532,0.0155,0.23616,45.161,11.3,0.6,942642.42,1690449.8,-0.43194,-0.70094,0.87236,-0.30406,-0.88208,-1.13288,-0.31378
24040620010010,24040620.0,24040620,40.2675,-1.22138,0.00451,0.183,52.765,56.5,2.0,947317.42,1687249.8,0.04417,1.94845,0.26069,0.50426,-1.15394,1.99262,-0.38899
24040640010007,24040640.0,문흥동,43.7809,2.22648,-0.00118,0.14865,72.6,21.9,3.6,948542.42,1687149.8,1.31353,-0.07963,-0.056,1.42807,0.81502,1.2339,2.18709
24040680010011,24040680.0,두암2동,43.6566,2.38354,0.01335,0.15014,63.201,23.7,1.6000000000000003,948242.42,1687083.13,1.26862,0.02588,0.7527,0.27331,0.90472,1.2945,1.93073
24040710011201,24040710.0,24040710,41.3025,2.08886,0.01394,0.19684,54.892,23.2,0.4,944742.42,1688649.8,0.41811,-0.00343,0.78554,-0.41954,0.73643,0.41468,1.10243
24040640010103,24040640.0,문흥동,41.7991,2.60404,0.01545,0.20266,67.008,35.8,0.9,948442.42,1687549.8,0.59752,0.73512,0.86958,-0.13085,1.03064,1.33264,1.76937
24040700020304,24040700.0,삼각동,39.7419,2.54323,0.02784,0.18525,65.575,12.9,0.5,945142.42,1689049.8,-0.14572,-0.60716,1.55917,-0.3618,0.99591,-0.75288,2.19328
24040831010001,24040831.0,중흥동,43.1505,0.76974,-0.00413,0.13696,39.435,23.9,2.4,946167.42,1686274.8,1.08577,0.0376,-0.22019,0.73522,-0.01688,1.12337,0.49815
24040510020002,24040510.0,용봉동,44.8812,1.85795,0.02266,0.14199,42.504,31.8,2.0,946567.42,1685274.8,1.71105,0.50066,1.27087,0.50426,0.60457,2.21171,2.3797
24040810010004,24040810.0,건국동,40.8377,0.96923,0.00069,0.21107,48.489,8.299999999999999,3.0,943429.92,1691124.8,0.25018,-0.87679,0.04808,1.08164,0.09705,-0.62661,1.22677
24040630010003,24040630.0,24040630,43.1807,-0.87369,-0.00062,0.14912,62.868,34.6,1.8,948102.42,1685389.8,1.09668,0.66478,-0.02483,0.38879,-0.95539,1.76146,-0.59143
24040810010303,24040810.0,건국동,38.3092,0.47347,0.02046,0.21288,42.392,12.1,0.0,943742.42,1691649.8,-0.66334,-0.65405,1.14842,-0.65049,-0.18607,-1.31739,0.31186
24040570020004,24040570.0,임동,42.5556,2.52774,0.01654,0.18013,48.76,15.1,1.2,944392.42,1687349.8,0.87084,-0.47821,0.93025,0.04236,0.98706,0.39263,1.95967
24040570010201,24040570.0,임동,40.9502,2.47191,0.0304,0.17383,63.726,23.9,0.5,944742.42,1688049.8,0.29082,0.0376,1.70166,-0.3618,0.95518,0.32842,2.29504
24040660020304,24040660.0,24040660,38.0715,-1.1352,0.01519,0.27236,56.038,30.0,0.3,946892.42,1687399.8,-0.74922,0.39515,0.85511,-0.47728,-1.10473,-0.35407,-0.7269
24040650010008,24040650.0,24040650,32.5672,1.18388,-0.01497,0.51759,123.293,15.299999999999969,4.10000000000001,948308.09,1688937.11,-2.73787,-0.46648,-0.82352,1.71676,0.21963,-3.20435,1.11287
24040570020002,24040570.0,임동,44.5033,2.59254,0.01164,0.14449,35.403,7.5,1.8000000000000005,945151.51,1687531.62,1.57452,-0.92368,0.65752,0.38879,1.02407,0.65084,2.07038
24040570040003,24040570.0,임동,42.655,2.45869,0.0093,0.11187,42.475,4.8,1.9,945692.42,1687499.8,0.90675,-1.08194,0.52729,0.44653,0.94763,-0.17519,1.92145
24040800020006,24040800.0,양산동,40.3421,0.31794,-0.00271,0.27813,44.829,23.5,3.1,942842.42,1690499.8,0.07112,0.01416,-0.14116,1.13938,-0.27489,0.08528,0.72333
24040670010004,24040670.0,24040670,44.7544,2.68698,0.00834,0.13478,51.086,30.2,1.2,948042.42,1686249.8,1.66524,0.40688,0.47385,0.04236,1.078,2.07212,1.59421
24040700040501,24040700.0,삼각동,42.2141,2.63775,0.02144,0.14248,50.516,52.4,0.5,945442.42,1688849.8,0.74746,1.70813,1.20297,-0.3618,1.04989,2.45559,1.89106
24040560020002,24040560.0,신안동,43.731,2.02386,0.00757,0.15381,33.143,56.4,4.8,945242.42,1686199.8,1.2955,1.94258,0.431,2.12092,0.69931,3.23808,3.25123
24040630010005,24040630.0,24040630,42.461,1.69474,0.00415,0.22155,57.749,24.399999999999995,2.2,947498.67,1685993.55,0.83666,0.06691,0.24065,0.61974,0.51136,0.90357,1.37175
24040600010302,24040600.0,24040600,39.0498,2.42989,0.01892,0.22956,39.75,15.6,0.0,943342.42,1687699.8,-0.39577,-0.4489,1.06271,-0.65049,0.93118,-0.84467,1.3434
24040510020101,24040510.0,용봉동,41.4058,-0.34058,0.01833,0.20617,39.315,9.2,0.0,946609.09,1685716.47,0.45543,-0.82403,1.02987,-0.65049,-0.65095,-0.3686,-0.27157
24040620010012,24040620.0,24040620,41.5872,0.59286,0.01015,0.13793,60.238,34.4,1.3,947842.42,1687099.8,0.52097,0.65306,0.57459,0.1001,-0.11789,1.17403,0.5568
24040590030004,24040590.0,24040590,44.0669,3.18089,0.01582,0.1376,30.354,32.7,2.0,944199.56,1686335.51,1.41686,0.55341,0.89017,0.50426,1.36006,1.97027,2.75449
24040560010005,24040560.0,신안동,43.8974,1.8832,0.0013,0.13548,35.982,17.6,2.5,945492.42,1686224.8,1.35562,-0.33167,0.08203,0.79295,0.61899,1.02395,1.49397
24040820050204,24040820.0,신용동,39.9577,1.60368,0.02169,0.28653,46.408,6.4,0.5,942642.42,1691049.8,-0.06776,-0.98816,1.21688,-0.3618,0.45936,-1.05592,1.31444
24040680010005,24040680.0,두암2동,44.0459,1.01614,0.00937,0.12798,58.562,28.7,1.9,948292.42,1686449.8,1.40927,0.31895,0.53118,0.44653,0.12384,1.72822,1.10155
24040570040005,24040570.0,임동,40.7458,3.08334,-0.00864,0.19112,53.042,9.1,5.0,945942.42,1687549.8,0.21698,-0.8299,-0.47121,2.23639,1.30435,-0.61292,3.06953
24040700020306,24040700.0,삼각동,40.9115,2.22556,0.02408,0.1429,55.0,28.5,0.4,945342.42,1688949.8,0.27684,0.30723,1.3499,-0.41954,0.8145,0.58407,1.74486
24040640010002,24040640.0,문흥동,41.6392,-0.40571,0.0042,0.13172,63.049,25.2,1.9,947809.09,1687283.13,0.53975,0.1138,0.24343,0.44653,-0.68814,0.65355,0.00182
24040560010002,24040560.0,신안동,43.8161,2.1825,0.0091,0.12954,34.362,25.4,2.3,945492.42,1686349.8,1.32624,0.12553,0.51615,0.67748,0.78991,1.45177,1.98354
24040700040004,24040700.0,삼각동,41.5182,2.99717,0.02273,0.12145,47.627,6.7,2.1,945475.75,1688983.13,0.49604,-0.97057,1.27476,0.562,1.25514,-0.47453,3.0919
24040650010007,24040650.0,24040650,40.9205,1.76396,0.01178,0.19483,81.653,27.399999999999995,1.5,947342.42,1688449.8,0.28009,0.24276,0.66532,0.21558,0.55089,0.52285,1.43179
24040720010001,24040720.0,24040720,43.4327,0.9909,0.00875,0.10684,56.521,12.9,1.1,946892.42,1688149.8,1.18773,-0.60716,0.49667,-0.01537,0.10942,0.58057,0.59072
24040560020004,24040560.0,신안동,43.9715,1.7305,0.00753,0.16862,35.161,30.6,2.9,945522.42,1686089.8,1.38239,0.43032,0.42877,1.0239,0.53178,1.81271,1.98445
24040570020005,24040570.0,임동,39.8603,1.5172,0.01238,0.30622,47.126,11.0,1.7999999999999994,944554.42,1687713.8,-0.10295,-0.71853,0.69871,0.38879,0.40998,-0.82148,1.49748
24040640020203,24040640.0,문흥동,39.7337,2.21512,0.0077,0.2299,77.5,11.8,0.0,948942.42,1687449.8,-0.14869,-0.67164,0.43823,-0.65049,0.80854,-0.82033,0.59628
24040630010102,24040630.0,24040630,39.9259,-1.15799,0.0031,0.18975,59.883,9.6,0.0,948042.42,1685549.8,-0.07925,-0.80059,0.18221,-0.65049,-1.11774,-0.87984,-1.58602
24040610020001,24040610.0,24040610,34.1032,-0.73193,0.02337,0.44806,68.358,59.59999999999995,2.0,942165.15,1687552.07,-2.18293,2.13015,1.31038,0.50426,-0.87443,-0.05278,0.94021
24040680020003,24040680.0,두암2동,42.7965,0.99238,0.01244,0.1576,69.924,44.79999999999999,2.1,948542.42,1686449.8,0.95787,1.26265,0.70205,0.562,0.11027,2.22052,1.37432
24040560010003,24040560.0,신안동,42.3295,2.14585,0.00586,0.17647,36.978,13.6,2.1,945709.09,1686383.13,0.78915,-0.56613,0.33582,0.562,0.76898,0.22302,1.6668
24040670010011,24040670.0,24040670,43.3484,0.77084,0.00068,0.16353,57.066,28.8,1.3,948062.42,1685989.8,1.15727,0.32482,0.04752,0.1001,-0.01625,1.48209,0.13137
24040720010006,24040720.0,24040720,42.9999,1.21941,0.00842,0.11047,53.267,14.7,1.1,946622.42,1688089.8,1.03136,-0.50165,0.47831,-0.01537,0.23992,0.52971,0.70286
24040600020102,24040600.0,24040600,39.4345,1.19536,0.02331,0.23105,51.69,54.8,0.6,942842.42,1687449.8,-0.25678,1.8488,1.30705,-0.30406,0.22618,1.59202,1.22917
24040710011001,24040710.0,24040710,39.7756,2.82139,0.00824,0.24222,59.533,48.9,0.4,944642.42,1688499.8,-0.13355,1.50297,0.46829,-0.41954,1.15476,1.36942,1.20351
24040810040001,24040810.0,건국동,31.7066,-1.28506,-0.00146,0.51188,86.376,54.19999999999989,1.7000000000000235,946647.44,1693505.3,-3.04879,1.81363,-0.07159,0.33105,-1.19031,-1.23516,-0.93085
24040650010003,24040650.0,24040650,42.723,0.3317,0.00454,0.14168,62.837,14.1,1.2,947142.42,1688183.13,0.93132,-0.53682,0.26236,0.04236,-0.26703,0.3945,0.03769
24040800010010,24040800.0,양산동,42.5917,0.71859,-0.02454,0.19737,38.307,8.4,4.1,943275.75,1690583.13,0.88388,-0.87093,-1.35616,1.71676,-0.04609,0.01295,0.31451
24040640010004,24040640.0,문흥동,43.4104,2.43132,0.00583,0.15303,62.55,23.8,2.4,948292.42,1687399.8,1.17967,0.03174,0.33416,0.73522,0.932,1.21141,2.00138
24040710011701,24040710.0,24040710,36.8659,0.19617,0.00869,0.28818,65.942,14.7,0.0,944842.42,1689049.8,-1.18479,-0.50165,0.49334,-0.65049,-0.34442,-1.68644,-0.50157
24040620010013,24040620.0,24040620,42.0593,-0.69038,-0.00923,0.12261,53.245,69.4,1.7,947392.42,1686699.8,0.69153,2.70458,-0.50404,0.33105,-0.85071,3.39611,-1.0237
24040720010016,24040720.0,24040720,43.5388,4.11665,0.00992,0.15078,45.755,28.9,1.6,946142.42,1688199.8,1.22606,0.33068,0.56179,0.27331,1.89444,1.55674,2.72954
24040720010007,24040720.0,24040720,40.6141,3.47802,0.00497,0.34482,49.241,20.4,1.9,946197.97,1688538.69,0.16939,-0.16755,0.28629,0.44653,1.52974,0.00184,2.26256
24040560040001,24040560.0,신안동,43.4347,2.221,0.00264,0.12055,37.488,27.5,3.2,945842.42,1686399.8,1.18845,0.24862,0.15661,1.19712,0.81189,1.43707,2.16562
24040660020203,24040660.0,24040660,37.6387,-1.8085,0.00508,0.25268,57.033,25.6,0.6,946942.42,1687449.8,-0.90559,0.13725,0.29241,-0.30406,-1.48923,-0.76834,-1.50088
24040820020105,24040820.0,신용동,37.9708,1.21655,0.01706,0.26321,22.5,5.2,0.0,942142.42,1691149.8,-0.7856,-1.05849,0.95919,-0.65049,0.23828,-1.84409,0.54698
24040600010404,24040600.0,24040600,37.6961,1.94074,0.01835,0.21581,55.983,65.8,0.4,943142.42,1687899.8,-0.88485,2.49356,1.03098,-0.41954,0.65185,1.60871,1.26329
24040800020401,24040800.0,양산동,41.0833,-0.84802,-0.0013,0.19367,38.015,47.7,0.3,942742.42,1690049.8,0.33891,1.43264,-0.06268,-0.47728,-0.94073,1.77155,-1.48069
24040720010004,24040720.0,24040720,40.7548,0.76055,0.00624,0.16542,57.722,32.5,1.3,946722.42,1687969.8,0.22023,0.54169,0.35697,0.1001,-0.02212,0.76192,0.43495
24040670010002,24040670.0,24040670,43.0451,1.14391,0.00253,0.12921,48.952,28.6,3.0,947767.42,1686549.8,1.04769,0.31309,0.15049,1.08164,0.1968,1.36078,1.42893
24040590030001,24040590.0,24040590,42.8149,3.78467,0.00873,0.17565,35.614,22.8,2.0,944502.42,1686409.8,0.96452,-0.02687,0.49556,0.50426,1.70486,0.93765,2.70468
24040810050904,24040810.0,건국동,36.7632,-0.5772,0.02226,0.2464,44.404,4.0,0.0,942992.42,1691749.8,-1.2219,-1.12883,1.24861,-0.65049,-0.78607,-2.35073,-0.18795
24040730010802,24040730.0,오치2동,42.7627,3.32238,0.01096,0.16809,44.475,101.7,0.3,945442.42,1687949.8,0.94566,4.59784,0.61968,-0.47728,1.44086,5.5435,1.58326
24040640020101,24040640.0,문흥동,41.5296,1.80829,0.00421,0.2112,77.131,43.5,0.0,948892.42,1687249.8,0.50015,1.18645,0.24399,-0.65049,0.57621,1.6866,0.16971
24040620010502,24040620.0,24040620,39.6611,-1.10024,0.01457,0.18066,50.939,58.9,0.4,947092.42,1687249.8,-0.17491,2.08912,0.8206,-0.41954,-1.08477,1.91421,-0.68371
24040710010101,24040710.0,24040710,41.6089,3.10124,0.01985,0.16886,52.383,40.4,0.7,944842.42,1688249.8,0.52881,1.00475,1.11447,-0.24633,1.31457,1.53356,2.18271
24040610010002,24040610.0,24040610,33.4423,-1.466,-0.0096,0.4943,63.185,6.400000000000002,3.799999999999998,942596.27,1688342.11,-2.4217,-0.98816,-0.52464,1.54354,-1.29364,-3.40986,-0.27474
24040680020002,24040680.0,두암2동,42.2935,2.96215,-0.00272,0.13147,76.025,28.3,1.6000000000000003,948575.75,1686849.8,0.77614,0.29551,-0.14172,0.27331,1.23514,1.07165,1.36673
24040600020002,24040600.0,24040600,38.2387,-1.76714,0.00252,0.29625,64.981,24.300000000000008,3.100000000000001,942587.87,1687695.25,-0.68881,0.06105,0.14993,1.13938,-1.46561,-0.62776,-0.1763
24040570040021,24040570.0,임동,42.3939,1.94733,0.00563,0.1762,33.866,14.7,2.5,945092.42,1686799.8,0.81242,-0.50165,0.32302,0.79295,0.65561,0.31077,1.77158
24040660020305,24040660.0,24040660,38.8806,-2.24315,0.0118,0.205,52.233,28.7,0.4,947042.42,1687349.8,-0.4569,0.31895,0.66643,-0.41954,-1.73745,-0.13795,-1.49056
24040640020201,24040640.0,문흥동,37.9206,2.24199,0.01686,0.33982,85.012,8.5,0.0,949042.42,1687399.8,-0.80374,-0.86506,0.94806,-0.65049,0.82388,-1.6688,1.12145
24040820020101,24040820.0,신용동,39.4682,2.09539,0.01428,0.24961,23.36,5.5,0.0,942242.42,1691149.8,-0.24461,-1.04091,0.80446,-0.65049,0.74016,-1.28552,0.89413
24040820050106,24040820.0,신용동,36.942,1.8963,0.02614,0.24435,36.983,1.4,0.0,942392.42,1691449.8,-1.1573,-1.28123,1.46456,-0.65049,0.62647,-2.43853,1.44054
24040680010007,24040680.0,두암2동,43.4504,2.5378,0.00569,0.15467,58.845,33.0,2.5,948242.42,1686599.8,1.19412,0.571,0.32636,0.79295,0.99281,1.76512,2.11212
24040620010011,24040620.0,24040620,42.6086,-0.52716,-0.00848,0.10938,43.177,65.5,1.7,947192.42,1686599.8,0.88999,2.47598,-0.4623,0.33105,-0.7575,3.36597,-0.88875
24040670010005,24040670.0,24040670,42.1256,-0.61729,-0.00359,0.18938,62.758,28.5,1.8,948142.42,1685833.13,0.71548,0.30723,-0.19014,0.38879,-0.80897,1.02271,-0.61032
24040680010004,24040680.0,두암2동,43.6827,3.3366,0.00966,0.14076,66.017,25.8,1.3,948309.09,1686816.47,1.27805,0.14897,0.54732,0.1001,1.44898,1.42702,2.0964
24040630010006,24040630.0,24040630,43.0049,-1.499,-0.00307,0.15724,68.51,23.6,2.1,948242.42,1685529.8,1.03317,0.02002,-0.1612,0.562,-1.31249,1.05319,-0.91169
24040550030005,24040550.0,24040550,43.4366,-0.22827,0.00452,0.13287,34.758,29.100000000000005,1.3999999999999997,945242.42,1685649.8,1.18913,0.3424,0.26124,0.15784,-0.58681,1.53153,-0.16773
24040700020004,24040700.0,삼각동,40.9129,1.94085,0.00995,0.23939,53.041,6.0,1.6999999999999995,945285.28,1689635.51,0.27735,-1.0116,0.56346,0.33105,0.65191,-0.73425,1.54642
24040700040001,24040700.0,삼각동,41.6467,2.9063,0.01568,0.18415,48.306,20.5,0.9000000000000001,945570.99,1689449.8,0.54246,-0.16169,0.88238,-0.13085,1.20325,0.38077,1.95478
24040710010804,24040710.0,24040710,41.2678,1.66536,0.0125,0.21089,62.075,13.8,0.0,944542.42,1688649.8,0.40557,-0.55441,0.70539,-0.65049,0.49458,-0.14884,0.54948
24040810010003,24040810.0,건국동,40.468,-0.47453,0.00549,0.16611,47.878,9.5,0.0,943717.42,1691224.8,0.11661,-0.80645,0.31523,-0.65049,-0.72744,-0.68984,-1.0627
24040540040001,24040540.0,우산동,42.2089,-0.74346,-0.00516,0.18872,43.619,40.70000000000002,3.400000000000001,945920.99,1684446.23,0.74558,1.02233,-0.27752,1.31259,-0.88102,1.76791,0.15405
24040650010005,24040650.0,24040650,39.335,1.48177,-0.00953,0.28858,60.742,21.70000000000001,1.7999999999999987,948088.37,1688111.96,-0.29273,-0.09135,-0.52074,0.38879,0.38974,-0.38408,0.25779
24040550030002,24040550.0,24040550,44.4836,0.39659,0.01319,0.15701,34.823,31.6,1.7,944922.42,1685829.8,1.5674,0.48894,0.74379,0.33105,-0.22997,2.05634,0.84487
24040820050203,24040820.0,신용동,36.9132,1.30014,0.01007,0.27242,39.654,6.0,0.5,942492.42,1691149.8,-1.1677,-1.0116,0.57014,-0.3618,0.28602,-2.1793,0.49436
24040700020305,24040700.0,삼각동,40.6433,2.38942,0.01817,0.18479,53.025,15.8,0.5,945342.42,1689049.8,0.17994,-0.43718,1.02097,-0.3618,0.90807,-0.25724,1.56724
24040610010302,24040610.0,24040610,35.4882,-4.52843,0.03301,0.34034,49.379,18.0,0.4,942442.42,1688699.8,-1.68254,-0.30822,1.84692,-0.41954,-3.0425,-1.99076,-1.61512
24040700020001,24040700.0,삼각동,41.172,1.69106,0.01135,0.21465,55.988,15.2,1.3,945042.42,1689699.8,0.37096,-0.47235,0.64138,0.1001,0.50926,-0.10139,1.25074
24040720010009,24040720.0,24040720,41.7439,1.24786,0.0045,0.12615,47.115,25.5,1.0,946292.42,1687849.8,0.57758,0.13139,0.26013,-0.07311,0.25616,0.70897,0.44318
24040780010005,24040780.0,24040780,41.2162,1.1178,0.01149,0.13716,59.4,3.6,1.8,944809.09,1690383.13,0.38693,-1.15228,0.64918,0.38879,0.18189,-0.76535,1.21986
24040670010008,24040670.0,24040670,43.9703,0.12889,-0.00131,0.14882,57.443,54.3,2.5,948302.42,1686229.8,1.38195,1.81949,-0.06324,0.79295,-0.38285,3.20144,0.34686
24040560010001,24040560.0,신안동,38.9826,1.96308,0.00785,0.33047,44.821,15.900000000000004,1.5,944871.83,1686561.56,-0.42005,-0.43132,0.44658,0.21558,0.6646,-0.85137,1.32676
24040800030601,24040800.0,양산동,40.8381,0.57783,0.01162,0.21609,42.796,20.0,0.5,943192.42,1689249.8,0.25032,-0.19099,0.65641,-0.3618,-0.12647,0.05933,0.16814
24040810050201,24040810.0,건국동,39.1123,0.62815,0.00829,0.22523,37.312,4.4,0.0,943242.42,1691799.8,-0.37319,-1.10539,0.47107,-0.65049,-0.09773,-1.47858,-0.27715
24040640011302,24040640.0,문흥동,40.7585,1.11489,0.00315,0.16431,56.325,53.9,0.2,947792.42,1687499.8,0.22156,1.79605,0.18499,-0.53501,0.18023,2.01761,-0.16979
24040700040005,24040700.0,삼각동,40.8109,2.36146,0.0235,0.10856,49.016,17.7,0.8,945342.42,1688849.8,0.2405,-0.32581,1.31762,-0.18859,0.89211,-0.08531,2.02114
24040640010104,24040640.0,문흥동,41.94,2.45443,0.00813,0.20747,67.854,35.2,1.0,948542.42,1687499.8,0.64843,0.69995,0.46217,-0.07311,0.9452,1.34838,1.33426
24040640011301,24040640.0,문흥동,38.9835,0.62813,-0.00446,0.18966,56.07,49.4,0.6,947742.42,1687549.8,-0.41972,1.53228,-0.23856,-0.30406,-0.09775,1.11256,-0.64037
24040800020010,24040800.0,양산동,38.6559,-1.25115,-0.00587,0.3217,46.804,17.900000000000002,1.9,942992.42,1689558.13,-0.53808,-0.31409,-0.31704,0.44653,-1.17095,-0.85217,-1.04146
24040670010007,24040670.0,24040670,44.4579,2.04594,0.0014,0.13526,51.847,31.100000000000005,1.3,948042.42,1686116.47,1.55812,0.45963,0.08759,0.1001,0.71192,2.01775,0.89961
24040670010009,24040670.0,24040670,44.8451,2.57955,0.00462,0.15828,55.21,27.3,2.0,948142.42,1686374.8,1.69801,0.23689,0.26681,0.50426,1.01665,1.9349,1.78772
24040700040202,24040700.0,삼각동,41.6806,2.85943,0.00982,0.19055,48.85,25.9,0.6,945642.42,1688949.8,0.55471,0.15483,0.55623,-0.30406,1.17648,0.70954,1.42865
24040700030002,24040700.0,삼각동,40.3664,1.65554,0.00822,0.20879,49.635,14.7,1.1,945485.28,1689678.37,0.0799,-0.50165,0.46718,-0.01537,0.48898,-0.42175,0.94079
24040810020002,24040810.0,건국동,35.5482,-3.55723,0.00071,0.36898,30.973,0.0,0.7999999999999992,939997.26,1692644.96,-1.66086,-1.36329,0.04919,-0.18859,-2.48788,-3.02415,-2.62728
24040540030001,24040540.0,우산동,42.962,-0.88084,-0.00139,0.1387,45.248,26.0,1.1,946202.42,1684649.8,1.01767,0.16069,-0.06769,-0.01537,-0.95947,1.17836,-1.04253
24040570020003,24040570.0,임동,44.5342,3.40856,0.00999,0.18599,37.915,19.7,2.0,944809.09,1687566.47,1.58569,-0.20858,0.56569,0.50426,1.49007,1.37711,2.56002
24040800020601,24040800.0,양산동,40.8477,0.44521,0.01288,0.23339,44.254,22.0,0.5,942942.42,1690649.8,0.25379,-0.07376,0.72654,-0.3618,-0.20221,0.18003,0.16253
24040660020302,24040660.0,24040660,39.3908,-0.79724,0.01626,0.23247,53.808,22.9,0.7,946792.42,1687349.8,-0.27257,-0.02101,0.91466,-0.24633,-0.91173,-0.29358,-0.2434
24040650011001,24040650.0,24040650,38.6111,-0.02307,0.02706,0.2268,60.231,29.4,0.3,947742.42,1687799.8,-0.55427,0.35998,1.51576,-0.47728,-0.46963,-0.19429,0.56885
24040710011901,24040710.0,24040710,41.2518,2.45938,0.01047,0.22997,57.026,19.5,0.3,944792.42,1688149.8,0.39979,-0.2203,0.59241,-0.47728,0.94803,0.17949,1.06316
24040831010005,24040831.0,중흥동,41.0014,0.76766,0.00195,0.12661,37.507,24.6,2.8,946442.42,1686449.8,0.30932,0.07863,0.1182,0.96617,-0.01806,0.38795,1.06631
24040670010001,24040670.0,24040670,42.6986,1.99635,0.00373,0.23552,54.541,14.699999999999998,3.2999999999999994,947656.71,1686185.51,0.9225,-0.50165,0.21727,1.25485,0.6836,0.42085,2.15572
24040570040020,24040570.0,임동,41.7701,2.31227,0.00116,0.19525,49.612,6.3,3.3,945542.42,1687099.8,0.58705,-0.99402,0.07424,1.25485,0.86402,-0.40697,2.19311
24040680010010,24040680.0,두암2동,42.3832,1.5404,0.01275,0.13278,57.711,33.7,2.0,948042.42,1686949.8,0.80855,0.61203,0.7193,0.50426,0.42322,1.42058,1.64678
24040720010003,24040720.0,24040720,35.7245,2.37988,-0.00686,0.4616,94.891,34.099999999999945,1.599999999999997,946615.89,1689120.21,-1.59717,0.63547,-0.37214,0.27331,0.90263,-0.9617,0.8038
24040570030001,24040570.0,임동,39.3839,0.98542,0.00526,0.24888,54.942,23.8,1.4,946642.42,1687599.8,-0.27506,0.03174,0.30243,0.15784,0.10629,-0.24332,0.56656
24040620010007,24040620.0,24040620,39.1988,-0.80871,0.00693,0.28282,53.04,32.10000000000001,1.0,947334.09,1686999.8,-0.34194,0.51824,0.39538,-0.07311,-0.91828,0.1763,-0.59601
24040780010009,24040780.0,24040780,39.9399,-1.02357,0.00489,0.23318,64.468,8.6,2.9,944642.42,1690599.8,-0.07419,-0.8592,0.28184,1.0239,-1.04098,-0.93339,0.26476
24040610010202,24040610.0,24040610,36.4301,-2.60225,0.01478,0.24403,42.825,16.0,0.5,942242.42,1688349.8,-1.34224,-0.42545,0.83229,-0.3618,-1.94252,-1.76769,-1.47203
24040550030001,24040550.0,24040550,42.1209,0.07288,0.00467,0.2132,33.222,24.79999999999997,1.9000000000000024,944497.35,1685686.42,0.71379,0.09036,0.26959,0.44653,-0.41483,0.80415,0.30129
24040700020002,24040700.0,삼각동,36.6302,1.36707,0.02284,0.41192,73.049,10.699999999999994,0.0,944982.42,1689383.13,-1.26995,-0.73611,1.28089,-0.65049,0.32424,-2.00606,0.95464
24040560020003,24040560.0,신안동,43.4041,2.10468,0.0014,0.16116,32.502,31.3,2.6,944959.09,1686266.47,1.17739,0.47135,0.08759,0.85069,0.74547,1.64874,1.68375
24040810050902,24040810.0,건국동,38.2771,-0.34885,0.00825,0.21999,42.638,2.1,0.0,943142.42,1691699.8,-0.67494,-1.2402,0.46885,-0.65049,-0.65567,-1.91514,-0.83731
24040640011201,24040640.0,문흥동,40.6476,-1.35574,0.00231,0.13329,62.35,58.6,0.6,947742.42,1687349.8,0.1815,2.07154,0.13824,-0.30406,-1.23067,2.25304,-1.39649
24040650010002,24040650.0,24040650,42.1069,0.62873,-0.00364,0.13898,63.676,18.1,1.4,947342.42,1688092.66,0.70873,-0.30236,-0.19292,0.15784,-0.0974,0.40637,-0.13248
24040831010006,24040831.0,중흥동,43.6193,1.05329,0.01056,0.14461,40.187,46.8,2.2,946325.75,1686066.47,1.25514,1.37988,0.59741,0.61974,0.14505,2.63502,1.3622
24040730010008,24040730.0,오치2동,42.5295,2.96825,0.00574,0.21544,52.262,17.4,2.3,945722.42,1688589.8,0.86141,-0.34339,0.32915,0.67748,1.23863,0.51802,2.24526
24040650010203,24040650.0,24040650,40.8918,2.56764,-0.00298,0.1691,84.703,19.5,0.6,947492.42,1688549.8,0.26972,-0.2203,-0.15619,-0.30406,1.00985,0.04942,0.5496
24040590010001,24040590.0,24040590,43.6503,3.22353,0.01409,0.13365,35.3,63.1,1.9,944309.09,1686683.13,1.26634,2.3353,0.79388,0.44653,1.38441,3.60164,2.62482
24040550020001,24040550.0,24040550,42.1609,-0.52252,-0.00263,0.15385,40.69,21.5,1.4,945499.56,1685249.8,0.72824,-0.10307,-0.13671,0.15784,-0.75485,0.62517,-0.73372
24040570021002,24040570.0,임동,43.5935,2.66011,0.01384,0.2101,38.167,21.1,0.0,944642.42,1687349.8,1.24582,-0.12652,0.77997,-0.65049,1.06266,1.1193,1.19214
24040720010014,24040720.0,24040720,43.4701,3.93419,0.02295,0.15817,50.817,24.600000000000005,1.9,946375.75,1688416.47,1.20124,0.07863,1.28701,0.44653,1.79024,1.27987,3.52378
24040570040011,24040570.0,임동,41.0074,1.06997,0.00845,0.16745,54.075,11.6,3.0,945692.42,1687149.8,0.31149,-0.68336,0.47998,1.08164,0.15458,-0.37187,1.7162
24040800020402,24040800.0,양산동,42.959,-0.43864,0.00437,0.15504,40.685,55.3,0.5,942742.42,1690149.8,1.01658,1.87811,0.2529,-0.3618,-0.70695,2.89469,-0.81585
24040650010402,24040650.0,24040650,41.874,0.92044,0.01664,0.14899,64.95,15.5,0.6,947642.42,1688049.8,0.62458,-0.45476,0.93581,-0.30406,0.06918,0.16982,0.70093
24040620010008,24040620.0,24040620,43.9104,2.11907,0.00658,0.1199,46.748,31.8,2.7,946942.42,1685789.8,1.36031,0.50066,0.3759,0.90843,0.75368,1.86097,2.03801
24040810040002,24040810.0,건국동,36.3219,-0.42704,0.00865,0.41059,29.142,38.59999999999996,1.7000000000000015,945118.35,1693905.36,-1.38133,0.89924,0.49111,0.33105,-0.70032,-0.48209,0.12184
24040680010003,24040680.0,두암2동,44.1053,3.25071,0.01106,0.14614,69.129,62.79999999999999,1.1,948342.42,1686949.8,1.43073,2.31772,0.62524,-0.01537,1.39993,3.74845,2.0098
24040640010102,24040640.0,문흥동,42.6478,2.14173,0.02003,0.21042,66.415,30.9,0.5,948542.42,1687649.8,0.90415,0.44791,1.12449,-0.3618,0.76663,1.35206,1.52932
24040730010803,24040730.0,오치2동,42.1203,2.85781,-0.00101,0.21056,43.248,42.0,0.2,945492.42,1688049.8,0.71357,1.09853,-0.04654,-0.53501,1.17556,1.8121,0.59401
24040570021701,24040570.0,임동,43.8447,3.00144,0.00781,0.15653,45.663,25.5,0.5,944592.42,1687449.8,1.33658,0.13139,0.44436,-0.3618,1.25758,1.46797,1.34014
24040670010012,24040670.0,24040670,44.9107,2.91606,0.00196,0.13677,52.462,52.5,1.8,948142.42,1686249.8,1.72171,1.71399,0.11876,0.38879,1.20882,3.4357,1.71637
24040510020003,24040510.0,용봉동,44.9784,0.18807,0.01131,0.15226,40.992,28.79999999999999,2.200000000000001,946265.5,1685680.57,1.74617,0.32482,0.63916,0.61974,-0.34905,2.07099,0.90985
24040570021301,24040570.0,임동,41.203,2.41603,0.01302,0.19531,56.912,6.8,0.0,944242.42,1687299.8,0.38216,-0.96471,0.73433,-0.65049,0.92327,-0.58255,1.00711
24040590020001,24040590.0,24040590,42.3776,2.06515,0.00581,0.15897,28.363,23.0,3.0,943353.53,1686483.13,0.80653,-0.01515,0.33304,1.08164,0.72289,0.79138,2.13757
24040620010004,24040620.0,24040620,43.2536,2.12114,0.00519,0.12902,46.421,27.199999999999992,2.3999999999999995,947159.09,1686016.47,1.12302,0.23103,0.29853,0.73522,0.75487,1.35405,1.78862
24040730010004,24040730.0,오치2동,42.8577,2.79826,0.00022,0.15833,49.291,15.5,4.2,945692.42,1688449.8,0.97998,-0.45476,0.02192,1.77449,1.14155,0.52522,2.93796
24040570020702,24040570.0,임동,42.0236,1.99571,0.03286,0.20546,40.917,3.3,0.0,944642.42,1687049.8,0.67863,-1.16986,1.83857,-0.65049,0.68324,-0.49123,1.87132
24040570021001,24040570.0,임동,42.675,2.39463,0.01072,0.22341,43.567,12.9,0.0,944542.42,1687349.8,0.91398,-0.60716,0.60632,-0.65049,0.91105,0.30682,0.86688
24040820020103,24040820.0,신용동,40.1459,2.09409,0.00966,0.25983,21.35,16.0,0.0,942242.42,1690849.8,0.00024,-0.42545,0.54732,-0.65049,0.73942,-0.42521,0.63625
24040630010002,24040630.0,24040630,42.992,0.03586,0.00999,0.1647,72.619,25.5,1.9,948296.27,1685257.49,1.0285,0.13139,0.56569,0.44653,-0.43597,1.15989,0.57625
24040810050202,24040810.0,건국동,38.7206,-0.03912,-0.00309,0.23081,46.267,4.4,0.0,943342.42,1691649.8,-0.51471,-1.10539,-0.16231,-0.65049,-0.47879,-1.6201,-1.29159
24040810050703,24040810.0,건국동,40.1667,1.62841,0.00222,0.23912,46.72,20.1,0.0,943142.42,1691449.8,0.00775,-0.18513,0.13323,-0.65049,0.47348,-0.17738,-0.04378
24040540010001,24040540.0,우산동,44.4608,-1.61772,-0.00082,0.14399,43.947,23.300000000000008,1.6,946267.42,1684833.13,1.55917,0.00243,-0.03597,0.27331,-1.38028,1.5616,-1.14294
24040550031001,24040550.0,24040550,40.7403,-0.15376,0.02167,0.26677,31.458,30.9,0.0,944442.42,1685749.8,0.21499,0.44791,1.21577,-0.65049,-0.54426,0.6629,0.02102
24040800010003,24040800.0,양산동,42.6569,1.81776,0.0148,0.30881,36.46,21.60000000000001,0.0,943215.15,1689995.25,0.90744,-0.09721,0.8334,-0.65049,0.58162,0.81023,0.76453
24040650010601,24040650.0,24040650,41.0855,1.64592,0.0138,0.18588,76.858,19.5,0.6,947542.42,1688249.8,0.33971,-0.2203,0.77774,-0.30406,0.48348,0.11941,0.95716
24040810010304,24040810.0,건국동,38.2733,-1.2052,0.01991,0.23246,46.633,4.8,0.0,943842.42,1691549.8,-0.67631,-1.08194,1.11781,-0.65049,-1.1447,-1.75825,-0.67738
24040670010006,24040670.0,24040670,43.7853,-1.50873,-0.00741,0.13374,55.808,30.3,1.3,948309.09,1686016.47,1.31512,0.41274,-0.40275,0.1001,-1.31804,1.72786,-1.62069
24040700030001,24040700.0,삼각동,40.4924,2.06978,0.00275,0.21231,51.813,13.3,1.2,945462.42,1689889.8,0.12543,-0.58371,0.16273,0.04236,0.72554,-0.45828,0.93063
24040810010301,24040810.0,건국동,36.7766,0.03961,0.00671,0.27286,45.6,7.0,0.0,943742.42,1691749.8,-1.21705,-0.95299,0.38313,-0.65049,-0.43383,-2.17004,-0.70119
24040800030502,24040800.0,양산동,38.6801,-2.60512,-0.00988,0.15854,49.833,33.9,0.0,942942.42,1689149.8,-0.52934,0.62375,-0.54022,-0.65049,-1.94416,0.09441,-3.13487
24040700040003,24040700.0,삼각동,41.771,3.51668,0.01096,0.16163,45.215,5.2,0.9,945575.75,1689216.47,0.58737,-1.05849,0.61968,-0.13085,1.55182,-0.47112,2.04065
24040800021202,24040800.0,양산동,38.4241,-2.2349,-0.01878,0.29211,60.925,22.9,0.7,942842.42,1689549.8,-0.62183,-0.02101,-1.03557,-0.24633,-1.73274,-0.64284,-3.01464
24040590010007,24040590.0,24040590,41.272,2.85309,0.01975,0.25236,52.778,43.5,2.1,944309.09,1686949.8,0.40709,1.18645,1.10891,0.562,1.17286,1.59354,2.84377
24040730010007,24040730.0,오치2동,42.9276,2.95241,0.0011,0.17271,46.214,22.4,3.2,945779.92,1688287.3,1.00524,-0.05032,0.0709,1.19712,1.22958,0.95492,2.4976
24040660020003,24040660.0,24040660,41.1954,-0.35354,-0.00333,0.12333,50.029,37.0,3.2,946842.42,1687199.8,0.37941,0.80546,-0.17567,1.19712,-0.65835,1.18487,0.3631
24040550030003,24040550.0,24040550,43.2649,0.16965,0.00682,0.1731,35.724,28.100000000000005,1.4,945250.75,1685433.13,1.1271,0.28379,0.38926,0.15784,-0.35957,1.41089,0.18753
24040640010602,24040640.0,문흥동,42.9228,2.46006,-0.00249,0.21044,70.338,51.0,0.2,948592.42,1687349.8,1.0035,1.62606,-0.12891,-0.53501,0.94841,2.62956,0.28449
24040680020004,24040680.0,두암2동,31.4401,-0.18231,-0.01189,0.54638,174.826,42.30000000000005,2.0999999999999965,949263.15,1686554.68,-3.14508,1.11612,-0.65209,0.562,-0.56056,-2.02896,-0.65065
24040700040702,24040700.0,삼각동,41.2942,3.57633,0.00134,0.15141,47.488,39.2,0.6,945592.42,1689049.8,0.41511,0.93441,0.08425,-0.30406,1.58588,1.34952,1.36607
24040810050602,24040810.0,건국동,40.8884,2.54171,0.00362,0.1363,46.192,2.7,0.0,942942.42,1691149.8,0.2685,-1.20503,0.21115,-0.65049,0.99504,-0.93653,0.5557
24040800030303,24040800.0,양산동,37.3175,-3.03563,0.00198,0.22593,55.079,4.5,0.0,942742.42,1688949.8,-1.02163,-1.09952,0.11987,-0.65049,-2.19001,-2.12115,-2.72063
24040780010008,24040780.0,24040780,41.1469,0.03365,-0.0015,0.18872,62.571,15.3,1.9,944592.42,1690449.8,0.36189,-0.46648,-0.07381,0.44653,-0.43724,-0.10459,-0.06452
24040610020206,24040610.0,24040610,38.4192,0.81304,0.01558,0.27521,41.246,17.9,0.6,942142.42,1687149.8,-0.6236,-0.31409,0.87681,-0.30406,0.00785,-0.93769,0.5806
24040620010005,24040620.0,24040620,38.6268,-0.48756,-0.00351,0.31568,57.738,52.899999999999984,2.899999999999999,947627.03,1686926.72,-0.5486,1.73743,-0.18568,1.0239,-0.73488,1.18883,0.10334
24040820010101,24040820.0,신용동,39.3986,1.3345,-0.0016,0.20129,20.833,4.4,0.0,941742.42,1690749.8,-0.26975,-1.10539,-0.07938,-0.65049,0.30564,-1.37514,-0.42423
24040620010401,24040620.0,24040620,38.8096,-1.16576,0.01478,0.23851,46.342,48.6,0.3,947142.42,1687049.8,-0.48255,1.48539,0.83229,-0.47728,-1.12218,1.00284,-0.76717
24040600010403,24040600.0,24040600,40.7286,0.70633,0.01325,0.19325,47.775,35.7,0.4,942942.42,1687699.8,0.21076,0.72926,0.74713,-0.41954,-0.05309,0.94002,0.2745
24040831010004,24040831.0,중흥동,44.1848,1.04467,0.00651,0.14479,41.237,22.5,2.0,945992.42,1686049.8,1.45945,-0.04446,0.372,0.50426,0.14013,1.41499,1.01639
24040710010801,24040710.0,24040710,40.118,2.26609,0.00526,0.22298,59.183,12.1,0.0,944542.42,1688549.8,-0.00984,-0.65405,0.30243,-0.65049,0.83764,-0.66389,0.48958
24040710010803,24040710.0,24040710,40.4378,0.37444,0.00947,0.19188,56.292,21.6,0.0,944442.42,1688549.8,0.1057,-0.09721,0.53675,-0.65049,-0.24262,0.00849,-0.35636
24040800030202,24040800.0,양산동,38.8164,-1.54943,0.00554,0.23518,52.473,22.2,0.0,942792.42,1689149.8,-0.4801,-0.06204,0.31801,-0.65049,-1.34128,-0.54214,-1.67376
24040660020201,24040660.0,24040660,37.4712,-2.85744,-0.00087,0.23811,49.658,21.6,0.5,947042.42,1687549.8,-0.9661,-0.09721,-0.03875,-0.3618,-2.08825,-1.06331,-2.4888
24040510020004,24040510.0,용봉동,43.7992,-0.49231,0.01295,0.11914,44.073,26.800000000000004,1.8000000000000005,946631.31,1685094.24,1.32014,0.20759,0.73044,0.38879,-0.73759,1.52773,0.38164
24040610020002,24040610.0,24040610,36.4865,-1.27065,0.00059,0.34684,23.813,36.10000000000008,2.699999999999992,941083.14,1687283.93,-1.32187,0.7527,0.04251,0.90843,-1.18208,-0.56917,-0.23114
24040620010002,24040620.0,24040620,38.1796,-2.14232,-0.00656,0.26934,50.442,50.8,1.8000000000000005,947304.92,1687487.3,-0.71017,1.61434,-0.35544,0.38879,-1.67987,0.90417,-1.64652
24040590010702,24040590.0,24040590,40.7153,1.94465,0.00655,0.24214,60.9,28.0,0.5,944242.42,1687149.8,0.20596,0.27792,0.37423,-0.3618,0.65408,0.48388,0.66651
24040720010013,24040720.0,24040720,43.0924,2.54815,0.0117,0.14936,46.222,30.4,1.6999999999999995,946354.92,1688037.3,1.06478,0.4186,0.66086,0.33105,0.99872,1.48338,1.99063
24040680010501,24040680.0,두암2동,43.7368,2.78364,0.03216,0.1343,62.178,40.3,0.4,948142.42,1686999.8,1.29759,0.99889,1.79961,-0.41954,1.1332,2.29648,2.51327
24040640020001,24040640.0,문흥동,31.4204,0.89535,-0.01539,0.53137,158.624,28.899999999999903,1.3999999999999992,949427.1,1687657.91,-3.15219,0.33068,-0.84689,0.15784,0.05486,-2.82151,-0.63419
24040600010402,24040600.0,24040600,39.026,2.01984,0.01154,0.20866,54.911,26.9,0.5,943242.42,1687849.8,-0.40437,0.21345,0.65196,-0.3618,0.69702,-0.19092,0.98718
24040810010305,24040810.0,건국동,35.3331,-0.82485,0.01388,0.31011,54.958,4.4,0.0,943842.42,1691649.8,-1.73858,-1.10539,0.7822,-0.65049,-0.9275,-2.84397,-0.79579
24040800010002,24040800.0,양산동,29.9412,-0.23242,-0.00627,0.64002,102.305,7.1000000000000005,1.6,944192.42,1690749.8,-3.68661,-0.94713,-0.3393,0.27331,-0.58918,-4.63374,-0.65517
24040650010701,24040650.0,24040650,42.3746,1.86517,0.00361,0.16659,77.308,18.7,0.5,947642.42,1688249.8,0.80544,-0.26719,0.2106,-0.3618,0.60869,0.53825,0.45749
24040831010003,24040831.0,중흥동,42.3504,0.09421,0.00164,0.13287,41.725,34.5,1.5,946642.42,1685849.8,0.7967,0.65892,0.10095,0.21558,-0.40265,1.45562,-0.08612
24040710010602,24040710.0,24040710,40.8842,1.05466,0.00594,0.19987,60.372,14.4,0.0,944542.42,1688749.8,0.26698,-0.51924,0.34028,-0.65049,0.14583,-0.25226,-0.16438
24040780010010,24040780.0,24040780,39.7976,0.25066,0.01449,0.19711,62.259,7.0,1.4,944622.42,1690289.8,-0.1256,-0.95299,0.81615,0.15784,-0.31331,-1.07859,0.66068
24040800021001,24040800.0,양산동,40.0503,-1.12469,-0.00749,0.2579,24.375,7.4,0.0,942542.42,1689899.8,-0.0343,-0.92954,-0.4072,-0.65049,-1.09873,-0.96384,-2.15642
24040820050201,24040820.0,신용동,37.446,1.61805,0.0003,0.31283,49.601,12.8,0.4,942642.42,1691199.8,-0.97521,-0.61302,0.02637,-0.41954,0.46757,-1.58823,0.0744
24040780010003,24040780.0,24040780,41.0375,1.25944,0.01572,0.19925,56.018,50.600000000000016,3.399999999999999,945096.96,1690013.44,0.32236,1.60262,0.88461,1.31259,0.26278,1.92498,2.45998
24040720010302,24040720.0,24040720,39.6176,2.08207,0.00897,0.26902,56.308,12.0,0.0,946842.42,1688449.8,-0.19063,-0.65991,0.50892,-0.65049,0.73256,-0.85054,0.59099
24040570030002,24040570.0,임동,41.0716,1.26102,0.00923,0.16869,54.146,26.1,1.7,946392.42,1687616.47,0.33468,0.16656,0.52339,0.33105,0.26368,0.50124,1.11812
24040810050903,24040810.0,건국동,36.6068,0.30957,0.0073,0.2552,52.242,5.3,0.0,943042.42,1691649.8,-1.2784,-1.05263,0.41597,-0.65049,-0.27967,-2.33103,-0.51419
24040820060204,24040820.0,신용동,40.7083,1.6254,0.00982,0.17658,20.7,3.0,0.0,942142.42,1690599.8,0.20343,-1.18745,0.55623,-0.65049,0.47176,-0.98402,0.3775
24040800021204,24040800.0,양산동,38.1868,-2.39687,-0.00918,0.28333,52.9,45.0,0.7,942742.42,1689549.8,-0.70756,1.27438,-0.50126,-0.24633,-1.82523,0.56682,-2.57282
24040590030002,24040590.0,24040590,42.7112,2.00449,0.00798,0.14112,32.171,28.4,1.6,944522.42,1686249.8,0.92705,0.30137,0.45382,0.27331,0.68825,1.22842,1.41538
24040570040001,24040570.0,임동,42.293,3.33956,0.00851,0.12878,48.605,13.7,1.5,945842.42,1687599.8,0.77596,-0.56027,0.48332,0.21558,1.45067,0.21569,2.14957
24040640010603,24040640.0,문흥동,42.9077,2.622,0.00134,0.20389,68.038,50.6,0.4,948442.42,1687349.8,0.99805,1.60262,0.08425,-0.41954,1.04089,2.60067,0.7056
24040720010008,24040720.0,24040720,43.6029,3.59253,0.01557,0.1571,46.525,31.0,2.0,946242.42,1688249.8,1.24922,0.45377,0.87626,0.50426,1.59513,1.70299,2.97565
24040560050401,24040560.0,신안동,42.4544,0.97697,0.00119,0.18379,36.075,4.9,0.0,945842.42,1685849.8,0.83428,-1.07608,0.07591,-0.65049,0.10147,-0.2418,-0.47311
24040640010402,24040640.0,문흥동,38.1881,1.8115,-0.01207,0.32687,80.129,11.7,0.0,948842.42,1687999.8,-0.70709,-0.6775,-0.66211,-0.65049,0.57804,-1.38459,-0.73456
24040610021301,24040610.0,24040610,36.8729,-1.56644,0.01545,0.17138,39.875,7.2,0.0,941942.42,1687349.8,-1.18226,-0.94126,0.86958,-0.65049,-1.351,-2.12352,-1.13191
24040820050206,24040820.0,신용동,39.2912,1.94712,0.00584,0.20963,47.917,10.9,0.5,942742.42,1691049.8,-0.30856,-0.72439,0.33471,-0.3618,0.65549,-1.03295,0.6284
24040590030003,24040590.0,24040590,44.3704,3.40795,0.00784,0.1382,32.885,30.0,2.1,944192.42,1686516.47,1.52651,0.39515,0.44603,0.562,1.48973,1.92166,2.49776
24040810050501,24040810.0,건국동,40.5875,2.57901,-0.00249,0.14847,43.283,12.7,0.4,942942.42,1691049.8,0.15978,-0.61888,-0.12891,-0.41954,1.01634,-0.4591,0.46789
24040570040002,24040570.0,임동,43.546,2.99912,0.01372,0.09389,42.139,6.8,0.9,945309.09,1687183.13,1.22866,-0.96471,0.77329,-0.13085,1.25625,0.26395,1.89869
24040810050502,24040810.0,건국동,39.278,2.03932,-0.0043,0.10816,47.9,14.6,0.5,942842.42,1691049.8,-0.31332,-0.50751,-0.22965,-0.3618,0.70814,-0.82083,0.11669
24040570020201,24040570.0,임동,41.595,1.35652,0.02166,0.16442,52.597,25.2,0.4,944392.42,1687549.8,0.52378,0.1138,1.21521,-0.41954,0.31822,0.63758,1.11389
24040570020601,24040570.0,임동,43.1842,2.68219,0.00454,0.1341,53.908,11.1,0.0,944342.42,1687249.8,1.09794,-0.71267,0.26236,-0.65049,1.07527,0.38527,0.68714
24040620010006,24040620.0,24040620,41.6616,-1.012,0.00835,0.13268,66.058,26.2,1.6,947692.42,1687149.8,0.54785,0.17242,0.47441,0.27331,-1.03437,0.72027,-0.28665
24040570020001,24040570.0,임동,44.4553,2.16336,0.0137,0.14408,35.646,5.3,1.4,944925.75,1687366.47,1.55718,-1.05263,0.77218,0.15784,0.77898,0.50455,1.709
24040730010601,24040730.0,오치2동,42.0688,2.84877,-0.01022,0.14663,44.835,22.1,0.5,945442.42,1688549.8,0.69496,-0.0679,-0.55915,-0.3618,1.17039,0.62706,0.24944
24040600020402,24040600.0,24040600,38.9267,-1.37475,-0.0013,0.21268,59.821,21.3,0.0,942642.42,1687749.8,-0.44025,-0.1148,-0.06268,-0.65049,-1.24153,-0.55505,-1.9547
24040810050203,24040810.0,건국동,39.7766,0.8923,0.02677,0.19161,35.403,11.2,0.0,943342.42,1691749.8,-0.13319,-0.7068,1.49962,-0.65049,0.05311,-0.83999,0.90224
24040640010601,24040640.0,문흥동,42.0952,2.65232,-0.00581,0.20634,65.547,51.5,0.2,948442.42,1687449.8,0.7045,1.65537,-0.3137,-0.53501,1.05821,2.35987,0.2095
24040820020106,24040820.0,신용동,38.2647,0.80664,-0.00723,0.35026,23.173,13.9,0.0,942342.42,1691049.8,-0.67942,-0.54854,-0.39273,-0.65049,0.0042,-1.22796,-1.03902
24040710010102,24040710.0,24040710,41.1979,3.38965,0.02087,0.14005,53.138,27.9,0.4,944742.42,1688249.8,0.38032,0.27206,1.17124,-0.41954,1.47927,0.65238,2.23097
24040640011001,24040640.0,문흥동,43.3538,2.49357,0.00605,0.14757,70.176,73.5,0.3,948492.42,1687249.8,1.15922,2.9449,0.3464,-0.47728,0.96755,4.10412,0.83667
24040800021201,24040800.0,양산동,38.6147,-2.50806,-0.00631,0.1875,54.825,20.2,0.4,942742.42,1689399.8,-0.55297,-0.17927,-0.34153,-0.41954,-1.88873,-0.73224,-2.6498
24040820010202,24040820.0,신용동,40.236,1.1615,0.00207,0.24028,20.211,7.3,0.0,942142.42,1690749.8,0.03279,-0.9354,0.12488,-0.65049,0.20685,-0.90261,-0.31876
24040610010101,24040610.0,24040610,34.5728,-2.89931,0.00331,0.30998,61.431,38.0,0.4,942642.42,1688349.8,-2.01327,0.86407,0.1939,-0.41954,-2.11216,-1.1492,-2.3378
24040570040017,24040570.0,임동,40.3415,0.08262,0.00169,0.13615,54.447,16.0,3.1,946609.09,1687216.47,0.07091,-0.42545,0.10373,1.13938,-0.40927,-0.35454,0.83384
24040820010102,24040820.0,신용동,36.1202,-0.27853,-0.00892,0.27979,20.392,1.5,0.0,941842.42,1690949.8,-1.45421,-1.27537,-0.48679,-0.65049,-0.61551,-2.72958,-1.75279
24040570040004,24040570.0,임동,44.3802,2.98136,0.01494,0.15614,38.404,7.6,1.4,945456.71,1687692.66,1.53005,-0.91782,0.84119,0.15784,1.24611,0.61223,2.24514
24040620010303,24040620.0,24040620,42.9298,2.84846,-0.01566,0.16462,44.429,7.6,0.0,947042.42,1685949.8,1.00603,-0.91782,-0.86192,-0.65049,1.17022,0.08821,-0.34219
24040700040102,24040700.0,삼각동,40.4603,3.6431,-0.00186,0.13739,42.68,6.6,0.0,945542.42,1689149.8,0.11383,-0.97643,-0.09385,-0.65049,1.62401,-0.8626,0.87967
24040570020301,24040570.0,임동,40.3823,2.01395,0.00041,0.32498,39.058,11.6,0.5,944642.42,1687649.8,0.08565,-0.68336,0.03249,-0.3618,0.69365,-0.59771,0.36434
24040650010202,24040650.0,24040650,38.6834,2.22656,-0.00336,0.2722,83.656,20.1,0.4,947492.42,1688649.8,-0.52815,-0.18513,-0.17734,-0.41954,0.81507,-0.71328,0.21819
24040650011101,24040650.0,24040650,39.8742,-0.60054,0.01825,0.23365,64.323,19.3,0.6,947742.42,1687949.8,-0.09792,-0.23202,1.02542,-0.30406,-0.7994,-0.32994,-0.07804
24040570020901,24040570.0,임동,41.7518,3.10117,0.00244,0.28076,43.479,13.2,0.0,944842.42,1687799.8,0.58043,-0.58958,0.14548,-0.65049,1.31453,-0.00915,0.80952
24040570030003,24040570.0,임동,40.9513,0.14098,0.00055,0.12993,52.978,20.2,1.2,946575.75,1687483.13,0.29122,-0.17927,0.04028,0.04236,-0.37594,0.11195,-0.2933
24040730011001,24040730.0,오치2동,42.3968,2.32997,0.01209,0.13797,43.405,26.4,0.4,945542.42,1688299.8,0.81347,0.18414,0.68257,-0.41954,0.87412,0.99761,1.13715
24040710010802,24040710.0,24040710,40.4704,0.50898,0.00845,0.17004,61.923,11.9,0.0,944442.42,1688649.8,0.11748,-0.66577,0.47998,-0.65049,-0.16579,-0.54829,-0.3363
24040660020303,24040660.0,24040660,38.5172,-0.04308,0.00584,0.24489,56.767,54.1,0.3,946792.42,1687549.8,-0.58819,1.80777,0.33471,-0.47728,-0.48105,1.21958,-0.62362
24040820020107,24040820.0,신용동,38.9656,1.31166,-0.00209,0.3005,21.927,7.9,0.0,942342.42,1690949.8,-0.42619,-0.90023,-0.10665,-0.65049,0.2926,-1.32642,-0.46454
24040570020102,24040570.0,임동,43.0033,2.26462,0.00011,0.18086,39.292,57.9,0.4,945042.42,1687449.8,1.03259,2.03051,0.0158,-0.41954,0.8368,3.0631,0.43306
24040810050401,24040810.0,건국동,39.7752,0.94653,0.00709,0.17944,52.122,5.900000000000001,0.0,942775.75,1690883.13,-0.13369,-1.01746,0.40428,-0.65049,0.08408,-1.15115,-0.16213
24040780011802,24040780.0,24040780,40.6913,1.40437,0.00397,0.23301,64.612,8.5,0.5,945342.42,1690899.8,0.19729,-0.86506,0.23063,-0.3618,0.34554,-0.66777,0.21437
24040700040101,24040700.0,삼각동,41.2238,3.28523,-0.00086,0.19131,43.4,9.0,0.0,945442.42,1689149.8,0.38967,-0.83576,-0.03819,-0.65049,1.41964,-0.44609,0.73096
24040610010103,24040610.0,24040610,36.377,-2.57033,0.0099,0.24895,59.742,13.2,0.6,942642.42,1688249.8,-1.36143,-0.58958,0.56068,-0.30406,-1.92429,-1.95101,-1.66767
24040780010502,24040780.0,24040780,38.4931,0.47529,0.0227,0.23237,70.817,9.5,0.5,945042.42,1690749.8,-0.5969,-0.80645,1.27309,-0.3618,-0.18503,-1.40335,0.72626
24040800020901,24040800.0,양산동,38.9283,-2.15887,-0.01067,0.2155,25.13,11.5,0.0,942692.42,1689749.8,-0.43967,-0.68922,-0.58419,-0.65049,-1.68932,-1.12889,-2.924
24040570040023,24040570.0,임동,41.3746,0.20375,-0.00784,0.14058,52.475,9.3,2.4,946742.42,1687149.8,0.44415,-0.81817,-0.42668,0.73522,-0.3401,-0.37402,-0.03156
24040610020102,24040610.0,24040610,37.6261,-2.3034,0.01214,0.19533,45.0,27.0,0.0,942242.42,1688049.8,-0.91014,0.21931,0.68535,-0.65049,-1.77185,-0.69083,-1.73699
24040650010101,24040650.0,24040650,40.8375,1.27265,-0.0012,0.17987,71.922,24.4,0.3,947442.42,1688249.8,0.25011,0.06691,-0.05712,-0.47728,0.27032,0.31702,-0.26408
24040510010002,24040510.0,용봉동,44.9897,-0.49022,0.00585,0.135,42.658,32.800000000000004,2.1,946217.42,1685049.8,1.75025,0.55928,0.33527,0.562,-0.7364,2.30953,0.16087
24040600010201,24040600.0,24040600,42.1908,-0.8052,0.00972,0.16078,51.915,69.9,0.4,942842.42,1687749.8,0.73904,2.73389,0.55066,-0.41954,-0.91628,3.47293,-0.78516
24040820020003,24040820.0,신용동,41.4662,1.42078,0.00692,0.18417,20.975,5.6,0.0,942292.42,1690699.8,0.47725,-1.03505,0.39482,-0.65049,0.35491,-0.5578,0.09924
24040800020501,24040800.0,양산동,39.531,0.38862,-0.00138,0.19679,50.492,6.8,0.5,942842.42,1690649.8,-0.22192,-0.96471,-0.06713,-0.3618,-0.23452,-1.18663,-0.66345
24040590020002,24040590.0,24040590,43.0076,3.34917,0.01156,0.15233,31.031,22.1,1.6,943592.42,1686699.8,1.03414,-0.0679,0.65307,0.27331,1.45616,0.96624,2.38254
24040800021102,24040800.0,양산동,40.193,-1.6308,-0.01388,0.23303,24.762,34.8,0.0,942642.42,1689849.8,0.01726,0.6765,-0.76285,-0.65049,-1.38775,0.69376,-2.80109
24040570040015,24040570.0,임동,43.0401,2.00213,-0.00211,0.10477,46.979,12.5,2.2,945492.42,1687349.8,1.04588,-0.63061,-0.10776,0.61974,0.6869,0.41527,1.19888
24040610010206,24040610.0,24040610,37.7712,-2.62316,-0.00265,0.22801,33.941,46.6,0.4,942192.42,1688249.8,-0.85772,1.36816,-0.13782,-0.41954,-1.95446,0.51044,-2.51182
24040710010003,24040710.0,24040710,34.1805,-0.46268,0.00268,0.53658,82.284,18.700000000000024,1.700000000000002,944321.29,1688896.28,-2.155,-0.26719,0.15883,0.33105,-0.72067,-2.42219,-0.23079
24040610010102,24040610.0,24040610,38.2416,-1.86396,0.0083,0.25257,47.823,18.5,0.5,942542.42,1688149.8,-0.68777,-0.27892,0.47163,-0.3618,-1.5209,-0.96669,-1.41107
24040620010402,24040620.0,24040620,39.9961,-1.12309,-0.01245,0.21472,49.058,55.4,0.3,947142.42,1687149.8,-0.05388,1.88397,-0.68326,-0.47728,-1.09781,1.83009,-2.25835
24040570040007,24040570.0,임동,41.7243,0.6671,0.0034,0.13063,45.45,18.0,1.9,946692.42,1686949.8,0.5705,-0.30822,0.19891,0.44653,-0.07549,0.26228,0.56995
24040590020003,24040590.0,24040590,44.4374,3.49953,0.01445,0.15023,29.745,31.5,1.6000000000000003,943642.42,1686549.8,1.55071,0.48308,0.81392,0.27331,1.54202,2.03379,2.62925
24040650010401,24040650.0,24040650,42.0336,0.50534,0.00848,0.17348,62.65,20.3,0.7,947642.42,1687949.8,0.68224,-0.17341,0.48165,-0.24633,-0.16787,0.50883,0.06745
24040820050205,24040820.0,신용동,36.2342,1.50311,0.01553,0.33859,45.279,5.3,0.5,942556.71,1691321.23,-1.41302,-1.05263,0.87403,-0.3618,0.40193,-2.46565,0.91416
24040730010902,24040730.0,오치2동,42.6203,3.47885,0.01582,0.16004,43.306,70.6,0.3,945742.42,1687949.8,0.89421,2.77492,0.89017,-0.47728,1.53021,3.66913,1.9431
24040660020002,24040660.0,24040660,40.8943,-0.19883,0.00476,0.14129,45.062,14.3,1.5,946922.42,1687009.8,0.27063,-0.5251,0.2746,0.21558,-0.57,-0.25447,-0.07982
24040680010012,24040680.0,두암2동,43.7427,2.99797,0.01124,0.16422,60.885,27.0,2.2,948142.42,1686749.8,1.29973,0.21931,0.63526,0.61974,1.2556,1.51904,2.5106
24040640010401,24040640.0,문흥동,38.7027,2.44654,0.00726,0.19829,75.242,11.7,0.0,948742.42,1688049.8,-0.52117,-0.6775,0.41375,-0.65049,0.94069,-1.19867,0.70395
24040820050107,24040820.0,신용동,35.6394,-0.82758,-0.00618,0.36899,36.146,5.2,0.0,942492.42,1691749.8,-1.62791,-1.05849,-0.33429,-0.65049,-0.92906,-2.6864,-1.91384
24040730010005,24040730.0,오치2동,42.8884,2.70813,0.00336,0.1487,42.01,32.300000000000004,2.7,945452.42,1688159.8,0.99108,0.52997,0.19668,0.90843,1.09008,1.52105,2.19519
24040820050208,24040820.0,신용동,38.5526,2.23416,0.00806,0.25282,48.908,12.8,0.6,942742.42,1691149.8,-0.5754,-0.61302,0.45827,-0.30406,0.81941,-1.18842,0.97362
24040690020002,24040690.0,두암3동,43.1007,0.46312,0.00264,0.18125,66.471,27.9,1.6,948492.42,1686149.8,1.06778,0.27206,0.15661,0.27331,-0.19198,1.33984,0.23794
24040740020001,24040740.0,24040740,31.7942,0.04086,-0.01506,0.52287,112.671,33.70000000000048,1.5,948187.72,1691426.02,-3.01714,0.61203,-0.82853,0.21558,-0.43312,-2.40511,-1.04607
24040660010101,24040660.0,24040660,41.5687,0.50062,0.00816,0.17037,59.792,19.9,0.5,947242.42,1687849.8,0.51428,-0.19686,0.46384,-0.3618,-0.17056,0.31742,-0.06852
24040800020701,24040800.0,양산동,37.7323,-2.11275,-0.00132,0.22459,45.633,11.1,0.6,942792.42,1689649.8,-0.87177,-0.71267,-0.06379,-0.30406,-1.66298,-1.58444,-2.03083
24040590020004,24040590.0,24040590,42.2383,2.70077,0.01091,0.13927,29.157,34.800000000000004,2.2,943720.99,1686364.09,0.7562,0.6765,0.61689,0.61974,1.08588,1.4327,2.32251
24040560020101,24040560.0,신안동,40.1152,3.56723,0.011,0.22859,40.289,80.2,0.4,944642.42,1686449.8,-0.01085,3.33762,0.6219,-0.41954,1.58069,3.32677,1.78305
24040780010007,24040780.0,24040780,40.6681,0.45444,0.00946,0.19171,53.414,15.6,1.8,945362.42,1690189.8,0.1889,-0.4489,0.53619,0.38879,-0.19693,-0.26,0.72805
24040730010101,24040730.0,오치2동,43.1322,3.68059,0.00338,0.10268,41.358,33.1,0.5,945342.42,1688049.8,1.07916,0.57686,0.19779,-0.3618,1.64542,1.65602,1.48141
24040710010002,24040710.0,24040710,37.9863,1.77085,0.02633,0.34669,52.193,8.600000000000007,1.1000000000000008,944062.83,1688157.96,-0.78,-0.8592,1.47513,-0.01537,0.55483,-1.6392,2.01459
24040650010201,24040650.0,24040650,36.63,1.17838,-0.00658,0.33301,89.15,23.6,0.5,947342.42,1688649.8,-1.27002,0.02002,-0.35655,-0.3618,0.21649,-1.25,-0.50186
24040610010106,24040610.0,24040610,36.9129,-2.08036,0.00565,0.28714,50.833,34.7,0.4,942642.42,1688149.8,-1.16781,0.67064,0.32414,-0.41954,-1.64448,-0.49717,-1.73988
24040640011402,24040640.0,문흥동,39.717,-1.31368,-0.00448,0.17872,56.532,28.8,0.4,947542.42,1687449.8,-0.15472,0.32482,-0.23967,-0.41954,-1.20665,0.1701,-1.86586
24040610021002,24040610.0,24040610,38.6268,0.58462,0.0144,0.17661,34.831,17.8,0.0,942142.42,1687049.8,-0.5486,-0.31995,0.81114,-0.65049,-0.12259,-0.86855,0.03806
24040620010001,24040620.0,24040620,42.6178,0.85468,-0.01445,0.12922,44.654,40.0,2.2,947342.42,1686516.47,0.89331,0.9813,-0.79458,0.61974,0.03163,1.87461,-0.14321
24040820010204,24040820.0,신용동,37.4616,0.17167,-0.00467,0.26253,20.036,0.0,0.0,942092.42,1690849.8,-0.96957,-1.36329,-0.25025,-0.65049,-0.35842,-2.33286,-1.25916
24040820010203,24040820.0,신용동,35.5152,-0.8697,-0.0043,0.27657,20.5,1.2,0.0,942042.42,1690949.8,-1.67279,-1.29295,-0.22965,-0.65049,-0.95311,-2.96574,-1.83325
24040710010001,24040710.0,24040710,41.6032,2.7442,-0.00868,0.26269,50.993,23.5,1.5,945057.23,1688501.65,0.52675,0.01416,-0.47343,0.21558,1.11068,0.54091,0.85283
24040650010503,24040650.0,24040650,41.1622,0.98265,-0.00329,0.15272,67.783,49.4,0.4,947542.42,1688099.8,0.36742,1.53228,-0.17344,-0.41954,0.10471,1.8997,-0.48827
24040570040009,24040570.0,임동,40.205,0.35804,0.00576,0.13829,44.845,13.7,3.9,946542.42,1686921.23,0.02159,-0.56027,0.33026,1.60128,-0.25199,-0.53868,1.67955
24040630010104,24040630.0,24040630,41.3287,0.23434,-0.01554,0.2404,54.658,7.1,0.0,947942.42,1685449.8,0.42757,-0.94713,-0.85524,-0.65049,-0.32263,-0.51956,-1.82836
24040720010011,24040720.0,24040720,41.1577,2.07351,-0.00374,0.25021,46.673,16.599999999999998,2.5,946179.92,1687837.3,0.36579,-0.39028,-0.19849,0.79295,0.72767,-0.02449,1.32213
24040640020202,24040640.0,문흥동,40.3868,2.07489,-0.01129,0.28309,75.889,12.6,0.0,948942.42,1687349.8,0.08727,-0.62474,-0.6187,-0.65049,0.72846,-0.53747,-0.54073
24040640010503,24040640.0,문흥동,38.2696,3.1972,-0.01439,0.20623,71.15,7.8,0.0,948642.42,1688249.8,-0.67765,-0.9061,-0.79124,-0.65049,1.36937,-1.58375,-0.07236
24040800021203,24040800.0,양산동,39.2344,-2.08729,-0.01973,0.29061,62.825,46.7,0.5,942842.42,1689449.8,-0.32908,1.37402,-1.08845,-0.3618,-1.64844,1.04494,-3.09869
24040630010101,24040630.0,24040630,39.4966,-1.52538,0.00103,0.23013,64.067,12.5,0.0,948142.42,1685649.8,-0.23435,-0.63061,0.067,-0.65049,-1.32755,-0.86496,-1.91104
24040570040022,24040570.0,임동,43.4741,3.25641,0.00811,0.16123,48.096,18.2,1.3,945442.42,1687199.8,1.20268,-0.2965,0.46105,0.1001,1.40319,0.90618,1.96434
24040560050002,24040560.0,신안동,43.7906,-1.11946,-0.00469,0.13315,37.96,48.9,2.0,945622.42,1685509.8,1.31703,1.50297,-0.25136,0.50426,-1.09574,2.82,-0.84284
24040800030501,24040800.0,양산동,39.9837,-1.6433,-0.00458,0.28643,50.194,23.0,0.0,942942.42,1689249.8,-0.05836,-0.01515,-0.24524,-0.65049,-1.39489,-0.07351,-2.29062
24040800030001,24040800.0,양산동,34.5737,-0.70401,-0.015,0.48785,64.813,37.90000000000001,2.200000000000001,942957.8,1688875.44,-2.01294,0.85821,-0.82519,0.61974,-0.85849,-1.15473,-1.06394
24040820020109,24040820.0,신용동,37.3331,-0.23511,0.00531,0.2329,21.357,12.1,0.0,942142.42,1690999.8,-1.016,-0.65405,0.30521,-0.65049,-0.59072,-1.67005,-0.936
24040680020201,24040680.0,두암2동,38.762,1.28551,0.00969,0.2614,96.662,24.5,0.7,948892.42,1686349.8,-0.49975,0.07277,0.54899,-0.24633,0.27766,-0.42698,0.58032
24040540020002,24040540.0,우산동,43.8718,-0.92608,-0.00575,0.12759,43.049,27.1,1.6999999999999995,945885.28,1685121.23,1.34637,0.22517,-0.31036,0.33105,-0.98531,1.57154,-0.96462
24040690020007,24040690.0,두암3동,40.6809,-0.48295,0.00778,0.22786,73.914,23.300000000000004,2.2,948632.42,1685779.8,0.19353,0.00243,0.44269,0.61974,-0.73225,0.19596,0.33018
24040570010702,24040570.0,임동,41.532,2.79713,0.00646,0.18469,43.403,14.9,0.0,945092.42,1687949.8,0.50102,-0.48993,0.36922,-0.65049,1.1409,0.01109,0.85963
24040650010702,24040650.0,24040650,41.8022,2.97597,0.00921,0.17968,78.408,21.3,0.6,947692.42,1688349.8,0.59864,-0.1148,0.52228,-0.30406,1.24303,0.48384,1.46125
24040560030002,24040560.0,신안동,43.4759,-0.41434,-0.00072,0.1272,35.808,32.0,1.6,945382.42,1685689.8,1.20333,0.51238,-0.0304,0.27331,-0.69307,1.71571,-0.45016
24040800030101,24040800.0,양산동,38.5161,-3.68013,-0.00757,0.29276,26.394,6.0,0.0,942390.04,1689068.85,-0.58859,-1.0116,-0.41165,-0.65049,-2.55806,-1.60019,-3.6202
24040730010602,24040730.0,오치2동,42.4962,2.34232,-0.00261,0.14659,46.4,21.8,0.5,945542.42,1688549.8,0.84938,-0.08549,-0.13559,-0.3618,0.88118,0.76389,0.38379
24040650010901,24040650.0,24040650,38.5724,-0.98662,0.00999,0.20102,59.304,41.6,0.8,947642.42,1687799.8,-0.56825,1.07509,0.56569,-0.18859,-1.01988,0.50684,-0.64278
24040831010015,24040831.0,중흥동,40.6542,1.00719,-0.00489,0.12446,39.193,19.8,2.8999999999999995,946613.85,1686635.51,0.18388,-0.20272,-0.26249,1.0239,0.11872,-0.01884,0.88013
24040660010404,24040660.0,24040660,36.9911,-2.54611,0.00299,0.2947,52.517,36.5,0.5,947042.42,1687649.8,-1.13956,0.77615,0.17609,-0.3618,-1.91046,-0.36341,-2.09617
24040690020003,24040690.0,두암3동,39.0422,0.90217,-0.00573,0.29893,93.614,28.2,1.6,948885.28,1686078.37,-0.39852,0.28965,-0.30924,0.27331,0.05875,-0.10887,0.02282
24040690020001,24040690.0,두암3동,43.2323,-0.32157,0.00158,0.18011,74.489,26.600000000000005,1.3,948642.42,1686249.8,1.11532,0.19586,0.09761,0.1001,-0.64009,1.31118,-0.44238
24040610020207,24040610.0,24040610,36.7584,-0.28224,-0.00111,0.2066,48.1,26.0,0.5,942042.42,1687149.8,-1.22363,0.16069,-0.05211,-0.3618,-0.61763,-1.06294,-1.03154
24040650010301,24040650.0,24040650,41.2794,0.23871,-0.0075,0.1958,61.534,23.8,0.6,947542.42,1687899.8,0.40976,0.03174,-0.40776,-0.30406,-0.32013,0.4415,-1.03195
24040580010003,,중앙동,35.7318,1.76048,-0.02997,0.34623,54.338,12.0,8.8,942425.92,1686849.91,-1.59453,-0.65991,-1.65838,4.43043,0.54891,-2.25444,3.32096
24040800011101,,양산동,40.4363,0.72058,0.01901,0.21343,53.628,14.1,0.4,943525.92,1691049.91,0.10516,-0.53682,1.06772,-0.41954,-0.04495,-0.43166,0.60323
24040780010401,24040780.0,24040780,40.5909,1.05355,0.01205,0.13561,64.133,11.1,0.6,945142.42,1690649.8,0.16101,-0.71267,0.68034,-0.30406,0.1452,-0.55166,0.52148
24040560030004,24040560.0,신안동,43.5598,0.37418,0.00253,0.15256,35.609,20.4,2.6000000000000005,945400.75,1685908.13,1.23365,-0.16755,0.15049,0.85069,-0.24277,1.0661,0.75841
24040820020104,24040820.0,신용동,36.628,-0.26113,-0.00156,0.27519,20.975,12.7,0.0,942042.42,1691099.8,-1.27074,-0.61888,-0.07715,-0.65049,-0.60558,-1.88962,-1.33322
24040800030307,24040800.0,양산동,37.1913,-3.77316,-0.00227,0.23508,41.346,4.6,0.0,942642.42,1688999.8,-1.06723,-1.09366,-0.11667,-0.65049,-2.61119,-2.16089,-3.37835
24040780010011,24040780.0,24040780,40.9609,1.60153,0.0215,0.11149,51.517,9.5,1.7,945442.42,1690049.8,0.29469,-0.80645,1.20631,0.33105,0.45813,-0.51176,1.99549
24040660010702,24040660.0,24040660,40.5905,0.47339,0.00369,0.11367,62.492,16.4,0.4,947142.42,1687849.8,0.16087,-0.40201,0.21505,-0.41954,-0.18611,-0.24114,-0.3906
24040690020603,24040690.0,두암3동,41.9369,-0.08333,-0.01847,0.1853,67.744,27.6,0.4,948542.42,1686049.8,0.64731,0.25448,-1.01832,-0.41954,-0.50404,0.90179,-1.9419
24040570010502,24040570.0,임동,39.8943,2.16785,0.0058,0.14577,62.532,8.2,0.0,944642.42,1688049.8,-0.09066,-0.88265,0.33249,-0.65049,0.78154,-0.97331,0.46354
24040810050204,24040810.0,건국동,38.6366,0.07413,-0.00143,0.22312,49.254,4.9,0.0,943242.42,1691649.8,-0.54506,-1.07608,-0.06992,-0.65049,-0.41412,-1.62114,-1.13453
24040570020302,24040570.0,임동,42.7369,2.89677,0.00771,0.18431,42.383,15.7,0.6,944642.42,1687549.8,0.93634,-0.44304,0.43879,-0.30406,1.19781,0.4933,1.33254
24040610020801,24040610.0,24040610,37.958,-1.73363,0.00395,0.18487,50.906,18.5,0.4,942592.42,1688049.8,-0.79023,-0.27892,0.22952,-0.41954,-1.44648,-1.06915,-1.6365
24040710010601,24040710.0,24040710,41.7958,1.5716,-0.00254,0.1936,50.517,18.6,0.0,944642.42,1688749.8,0.59633,-0.27306,-0.1317,-0.65049,0.44104,0.32327,-0.34115
24040690020602,24040690.0,두암3동,42.1345,-0.80664,-0.02012,0.17006,76.148,27.7,0.5,948742.42,1686049.8,0.7187,0.26034,-1.11015,-0.3618,-0.9171,0.97904,-2.38905
24040570021401,24040570.0,임동,38.8803,1.68467,0.00508,0.23661,50.35,27.7,0.0,944242.42,1687449.8,-0.45701,0.26034,0.29241,-0.65049,0.50561,-0.19667,0.14753
24040780010402,24040780.0,24040780,39.355,1.36494,0.00528,0.25649,65.279,30.2,0.4,945042.42,1690649.8,-0.28551,0.40688,0.30354,-0.41954,0.32302,0.12137,0.20702
24040570010102,24040570.0,임동,41.4075,1.43147,0.00896,0.20157,54.067,26.9,0.0,945042.42,1688049.8,0.45604,0.21345,0.50836,-0.65049,0.36102,0.66949,0.21889
24040560030003,24040560.0,신안동,44.2677,1.14792,0.00885,0.13812,34.965,35.0,1.8,945062.42,1685869.8,1.4894,0.68823,0.50224,0.38879,0.19909,2.17763,1.09012
24040800010004,24040800.0,양산동,44.0714,1.56565,0.00975,0.13438,32.796,3.0,0.0,943092.42,1690449.8,1.41848,-1.18745,0.55233,-0.65049,0.43764,0.23103,0.33948
24040510010001,24040510.0,용봉동,43.9156,-0.64641,0.00772,0.13414,42.612,12.900000000000002,0.6,946142.42,1685292.66,1.36219,-0.60716,0.43935,-0.30406,-0.8256,0.75503,-0.69031
24040570020007,24040570.0,임동,42.4989,2.33026,0.00098,0.19708,40.658,7.799999999999998,1.3999999999999997,944682.42,1687043.13,0.85035,-0.9061,0.06422,0.15784,0.87429,-0.05575,1.09635
24040831010017,24040831.0,중흥동,43.5549,1.02192,-0.00391,0.13512,38.471,40.2,2.5,946009.09,1686316.47,1.23187,0.99302,-0.20795,0.79295,0.12714,2.22489,0.71214
24040730011002,24040730.0,오치2동,42.7185,2.85149,0.01271,0.12627,44.32,44.4,0.4,945542.42,1688449.8,0.92969,1.23921,0.71708,-0.41954,1.17195,2.1689,1.46949
24040660010401,24040660.0,24040660,37.651,-1.32686,0.02827,0.17863,55.342,19.3,0.3,947042.42,1687749.8,-0.90114,-0.23202,1.58311,-0.47728,-1.21418,-1.13316,-0.10835
24040550030803,24040550.0,24040550,39.5382,0.99365,0.01276,0.22894,32.792,27.1,0.0,944342.42,1685649.8,-0.21932,0.22517,0.71986,-0.65049,0.11099,0.00585,0.18036
24040690020301,24040690.0,두암3동,38.6367,-0.05584,0.00553,0.27548,96.825,54.6,0.2,948842.42,1685349.8,-0.54502,1.83708,0.31746,-0.53501,-0.48834,1.29206,-0.70589
24040610010205,24040610.0,24040610,35.9085,-2.43943,0.00687,0.23486,43.581,14.5,0.5,942242.42,1688449.8,-1.53069,-0.51338,0.39204,-0.3618,-1.84954,-2.04407,-1.8193
24040620010003,24040620.0,24040620,39.8236,-1.1647,0.00159,0.19836,48.9,29.600000000000005,1.5,947142.42,1686849.8,-0.11621,0.37171,0.09817,0.21558,-1.12158,0.2555,-0.80783
24040660020004,24040660.0,24040660,38.9802,-1.10725,-0.00086,0.30054,45.151,17.1,1.8,947042.42,1686949.8,-0.42092,-0.36098,-0.03819,0.38879,-1.08877,-0.7819,-0.73817
24040570010103,24040570.0,임동,42.4561,1.71978,0.01284,0.19908,54.438,30.6,0.0,944992.42,1688149.8,0.83489,0.43032,0.72431,-0.65049,0.52566,1.26521,0.59948
24040590010003,24040590.0,24040590,38.6591,1.86228,0.01098,0.38153,52.14,49.400000000000034,2.200000000000001,943899.92,1687289.8,-0.53693,1.53228,0.62079,0.61974,0.60704,0.99535,1.84757
24040820040101,24040820.0,신용동,38.5812,0.96422,0.01103,0.21791,32.814,8.3,0.0,942475.75,1691016.47,-0.56507,-0.87679,0.62357,-0.65049,0.09419,-1.44186,0.06727
24040800030201,24040800.0,양산동,39.5666,-2.28997,-0.00277,0.21218,43.609,9.1,0.0,942792.42,1689249.8,-0.20906,-0.8299,-0.1445,-0.65049,-1.76418,-1.03896,-2.55917
24040780010201,24040780.0,24040780,40.3352,1.58901,0.00862,0.21244,63.039,26.0,0.0,945092.42,1690549.8,0.06863,0.16069,0.48944,-0.65049,0.45098,0.22932,0.28993
24040670010902,24040670.0,24040670,42.5288,1.61802,-0.00117,0.16547,61.365,37.3,0.0,947742.42,1686349.8,0.86116,0.82304,-0.05545,-0.65049,0.46755,1.6842,-0.23839
24040660020202,24040660.0,24040660,38.6407,-2.85907,0.00321,0.21974,52.167,24.7,0.5,947042.42,1687449.8,-0.54357,0.0845,0.18833,-0.3618,-2.08918,-0.45907,-2.26265
24040580010801,24040580.0,중앙동,38.7868,0.55421,0.01852,0.17664,41.603,20.2,0.0,942942.42,1687449.8,-0.49079,-0.17927,1.04045,-0.65049,-0.13996,-0.67006,0.25
24040831010018,24040831.0,중흥동,41.7113,0.14669,0.00342,0.12988,41.216,23.2,2.0,947009.09,1686683.13,0.5658,-0.00343,0.20002,0.50426,-0.37268,0.56237,0.3316
24040660010201,24040660.0,24040660,37.9923,-1.82537,0.00756,0.22358,53.962,18.4,0.3,947242.42,1687649.8,-0.77784,-0.28478,0.43044,-0.47728,-1.49887,-1.06262,-1.54571
24040800030402,24040800.0,양산동,36.7398,-4.21567,-0.00876,0.33018,49.658,4.7,0.0,942542.42,1688799.8,-1.23035,-1.0878,-0.47789,-0.65049,-2.86389,-2.31815,-3.99227
24040831010016,24040831.0,중흥동,41.4262,2.7261,-0.00036,0.1735,45.739,25.5,1.8000000000000005,946913.85,1686464.09,0.4628,0.13139,-0.01036,0.38879,1.10034,0.59419,1.47877
24040820020108,24040820.0,신용동,39.0662,1.44616,-0.01276,0.30863,22.175,5.5,0.0,942342.42,1690849.8,-0.38985,-1.04091,-0.70051,-0.65049,0.36941,-1.43076,-0.98159
24040590010002,24040590.0,24040590,44.3165,2.9979,0.00188,0.127,31.778,55.9,3.3,943982.42,1686729.8,1.50703,1.91328,0.11431,1.25485,1.25556,3.42031,2.62472
24040820030106,24040820.0,신용동,37.1086,1.52476,-0.00639,0.35598,22.792,3.5,0.0,941842.42,1691249.8,-1.09711,-1.15814,-0.34598,-0.65049,0.41429,-2.25525,-0.58218
24040820030102,24040820.0,신용동,36.8329,0.63025,-0.00493,0.29262,22.4,2.3,0.0,941942.42,1691199.8,-1.19671,-1.22848,-0.26472,-0.65049,-0.09654,-2.42519,-1.01175
24040700020102,24040700.0,삼각동,37.7509,1.75522,0.00787,0.24962,58.0,5.6,0.0,945242.42,1689249.8,-0.86505,-1.03505,0.4477,-0.65049,0.5459,-1.9001,0.34311
24040570040019,24040570.0,임동,40.3475,1.34492,0.00287,0.27304,41.169,24.1,1.4,945242.42,1686949.8,0.07307,0.04933,0.16941,0.15784,0.31159,0.1224,0.63884
24040560030001,24040560.0,신안동,43.9928,1.67741,-0.00085,0.16277,32.23,65.39999999999999,2.0,944909.09,1686108.13,1.39008,2.47012,-0.03764,0.50426,0.50147,3.8602,0.96809
24040600020601,24040600.0,24040600,36.1773,-1.76926,-0.02458,0.40992,62.9,11.0,0.0,942542.42,1687849.8,-1.43358,-0.71853,-1.35838,-0.65049,-1.46682,-2.15211,-3.47569
24040570040201,24040570.0,임동,42.4853,1.79372,-0.00061,0.10143,52.392,55.9,0.3,945542.42,1687249.8,0.84544,1.91328,-0.02428,-0.47728,0.56789,2.75872,0.06633
24040510020201,24040510.0,용봉동,43.6453,-2.26454,0.00366,0.10672,42.4,10.8,0.0,946442.42,1684949.8,1.26454,-0.73025,0.21338,-0.65049,-1.74966,0.53429,-2.18677
24040560010101,24040560.0,신안동,41.7175,2.37203,0.00926,0.12807,33.23,6.2,0.0,945042.42,1686449.8,0.56804,-0.99988,0.52506,-0.65049,0.89814,-0.43184,0.77271
24040570040010,24040570.0,임동,43.0839,2.70522,0.01325,0.13481,38.155,6.1,3.1,945267.42,1687349.8,1.06171,-1.00574,0.74713,1.13938,1.08842,0.05597,2.97493
24040831010014,24040831.0,중흥동,42.6853,0.8161,0.00782,0.11852,37.081,36.8,2.9,946042.42,1686449.8,0.9177,0.79373,0.44491,1.0239,0.0096,1.71143,1.47841
24040680020006,24040680.0,두암2동,42.5851,2.93053,0.0083,0.11808,75.575,25.4,1.2,948542.42,1686949.8,0.8815,0.12553,0.47163,0.04236,1.21709,1.00703,1.73108
24040810010102,24040810.0,건국동,38.1196,-0.69212,-0.00475,0.28439,72.492,6.1,0.0,943842.42,1691049.8,-0.73184,-1.00574,-0.2547,-0.65049,-0.8517,-1.73758,-1.75689
24040820010103,24040820.0,신용동,36.9226,0.14686,-0.0083,0.27496,21.886,2.3,0.0,941742.42,1690899.8,-1.16431,-1.22848,-0.45228,-0.65049,-0.37258,-2.39279,-1.47535
24040550030004,24040550.0,24040550,41.3969,0.61732,-0.01213,0.23801,35.966,32.7,2.2,945082.42,1685129.8,0.45221,0.55341,-0.66545,0.61974,-0.10392,1.00562,-0.14963
24040610010301,24040610.0,24040610,37.249,-4.46436,-0.00824,0.30246,33.457,21.7,0.3,942192.42,1688599.8,-1.04638,-0.09135,-0.44894,-0.47728,-3.00591,-1.13773,-3.93213
24040730010002,24040730.0,오치2동,42.1325,2.71479,0.01723,0.14827,41.729,7.399999999999999,0.3999999999999999,945370.99,1688506.94,0.71798,-0.92954,0.96865,-0.41954,1.09388,-0.21156,1.64299
24040550030302,24040550.0,24040550,41.2881,2.4847,-0.01034,0.24001,28.723,21.5,0.0,944042.42,1686149.8,0.4129,-0.10307,-0.56582,-0.65049,0.96249,0.30983,-0.25382
24040600020101,24040600.0,24040600,40.9897,-0.04601,-0.00252,0.19267,47.452,26.0,0.4,942842.42,1687549.8,0.30509,0.16069,-0.13058,-0.41954,-0.48273,0.46578,-1.03285
24040570010701,24040570.0,임동,42.3862,2.61235,0.00088,0.25277,37.217,31.0,0.0,945192.42,1687849.8,0.80964,0.45377,0.05865,-0.65049,1.03538,1.26341,0.44354
24040640010502,24040640.0,문흥동,37.9915,2.61836,-0.02116,0.29608,77.208,10.4,0.0,948792.42,1688149.8,-0.77812,-0.7537,-1.16804,-0.65049,1.03881,-1.53182,-0.77972
24040820030203,24040820.0,신용동,37.8844,0.61564,-0.00469,0.2299,22.915,3.1,0.0,941592.42,1690849.8,-0.81682,-1.18158,-0.25136,-0.65049,-0.10488,-1.9984,-1.00673
24040800020801,24040800.0,양산동,38.3495,-2.18645,-0.03163,0.22057,33.081,22.9,0.4,942642.42,1689649.8,-0.64878,-0.02101,-1.75077,-0.41954,-1.70507,-0.66979,-3.87538
24040820060101,24040820.0,신용동,39.9687,1.04902,-0.0023,0.22592,20.204,18.5,0.0,941742.42,1690599.8,-0.06378,-0.27892,-0.11834,-0.65049,0.14261,-0.3427,-0.62622
24040740010001,24040740.0,24040740,32.9755,-0.47149,-0.01174,0.47164,85.022,85.69999999999996,2.6999999999999944,949440.5,1692915.18,-2.59035,3.66,-0.64374,0.90843,-0.72571,1.06965,-0.46102
24040831010008,24040831.0,중흥동,42.5494,1.4608,0.00928,0.13181,41.321,28.6,2.2,946492.42,1686083.13,0.8686,0.31309,0.52617,0.61974,0.37777,1.18169,1.52368
24040780010013,24040780.0,24040780,33.3311,0.03766,-0.0055,0.5566,93.2,7.1999999999999975,3.1,944438.42,1690561.8,-2.46188,-0.94126,-0.29644,1.13938,-0.43495,-3.40314,0.40799
24040831010010,24040831.0,중흥동,41.9731,0.7339,-0.00572,0.10221,39.408,9.6,5.4,946792.42,1686849.8,0.66039,-0.80059,-0.30869,2.46735,-0.03734,-0.1402,2.12132
24040820040103,24040820.0,신용동,39.2781,0.49387,-0.01555,0.26233,55.395,6.4,0.0,942592.42,1690849.8,-0.31329,-0.98816,-0.8558,-0.65049,-0.17442,-1.30145,-1.68071
24040820040303,24040820.0,신용동,36.9972,-0.96991,-0.02221,0.33196,36.191,8.0,0.0,942542.42,1690749.8,-1.13735,-0.89437,-1.22648,-0.65049,-1.01034,-2.03172,-2.88731
24040831010701,24040831.0,중흥동,40.8651,2.84117,0.00652,0.18771,51.6,21.1,0.0,947042.42,1686449.8,0.26008,-0.12652,0.37256,-0.65049,1.16605,0.13356,0.88812
24040690020501,24040690.0,두암3동,37.8601,0.57049,0.00736,0.25688,91.272,34.6,0.3,948842.42,1685849.8,-0.8256,0.66478,0.41931,-0.47728,-0.13066,-0.16082,-0.18863
24040690020006,24040690.0,두암3동,41.826,-0.97403,-1e-05,0.1737,80.53,61.2,2.4,948559.09,1685449.8,0.60724,2.22394,0.00912,0.73522,-1.01269,2.83118,-0.26835
24040800021103,24040800.0,양산동,39.6212,-1.67749,-0.02229,0.34482,25.25,74.3,0.0,942742.42,1689849.8,-0.18933,2.99179,-1.23093,-0.65049,-1.41442,2.80246,-3.29584
24040690020601,24040690.0,두암3동,41.9521,-0.11756,-0.03499,0.17124,71.517,33.4,0.3,948592.42,1685949.8,0.6528,0.59444,-1.93778,-0.47728,-0.52359,1.24724,-2.93865
24040680020302,24040680.0,두암2동,36.5099,1.1111,0.00634,0.28172,93.104,23.0,0.5,948792.42,1686549.8,-1.31341,-0.01515,0.36254,-0.3618,0.17806,-1.32856,0.1788
24040570040016,24040570.0,임동,43.4249,2.6389,0.00062,0.12024,40.3,10.7,1.8,945492.42,1687499.8,1.18491,-0.73611,0.04418,0.38879,1.05054,0.4488,1.48351
24040590010004,24040590.0,24040590,43.7893,3.18603,0.01327,0.13884,34.207,50.7,1.6,943775.75,1686883.13,1.31656,1.60848,0.74825,0.27331,1.36299,2.92504,2.38455
24040610010207,24040610.0,24040610,36.6462,-2.83272,0.00366,0.22129,31.465,15.8,0.4,942142.42,1688499.8,-1.26417,-0.43718,0.21338,-0.41954,-2.07413,-1.70135,-2.28029
24040831010002,24040831.0,중흥동,41.7862,2.15266,-0.01629,0.15182,42.432,27.8,2.0,946842.42,1686174.8,0.59286,0.2662,-0.89699,0.50426,0.77287,0.85906,0.38014
24040831010101,24040831.0,중흥동,43.4562,1.62415,0.00015,0.14463,40.667,75.6,0.4,945942.42,1686249.8,1.19622,3.06799,0.01802,-0.41954,0.47105,4.26421,0.06953
24040780010301,24040780.0,24040780,41.055,1.05608,0.01019,0.16248,58.217,9.5,0.8,945242.42,1690549.8,0.32869,-0.80645,0.57682,-0.18859,0.14664,-0.47776,0.53487
24040660020301,24040660.0,24040660,37.1916,-2.53239,-0.00699,0.25297,54.125,58.3,0.4,946942.42,1687549.8,-1.06712,2.05395,-0.37937,-0.41954,-1.90262,0.98683,-2.70153
24040540020103,24040540.0,우산동,40.478,-0.3571,-0.01211,0.11929,44.238,7.3,0.0,945542.42,1685149.8,0.12022,-0.9354,-0.66434,-0.65049,-0.66038,-0.81518,-1.97521
24040620010009,24040620.0,24040620,41.4969,-0.79895,-0.0084,0.13995,59.992,34.3,1.8,947542.42,1686699.8,0.48834,0.6472,-0.45785,0.38879,-0.91271,1.13554,-0.98177
24040831010702,24040831.0,중흥동,41.3244,1.8454,-0.00389,0.12445,45.883,13.8,0.0,947142.42,1686449.8,0.42602,-0.55441,-0.20683,-0.65049,0.5974,-0.12839,-0.25992
24040720011401,24040720.0,24040720,39.7132,0.11767,-0.00441,0.25809,52.158,55.0,0.5,946492.42,1687849.8,-0.15609,1.86052,-0.23578,-0.3618,-0.38925,1.70443,-0.98683
24040780011901,24040780.0,24040780,39.6414,0.7207,-0.00139,0.33942,65.226,13.6,0.5,945442.42,1691149.8,-0.18203,-0.56613,-0.06769,-0.3618,-0.04488,-0.74816,-0.47437
24040680020005,24040680.0,두암2동,43.6952,2.96987,-0.00055,0.11545,69.728,26.2,2.5,948475.75,1686883.13,1.28256,0.17242,-0.02094,0.79295,1.23955,1.45498,2.01156
24040660010305,24040660.0,24040660,37.1091,-2.03112,0.00384,0.18414,58.325,18.5,0.5,947542.42,1687649.8,-1.09693,-0.27892,0.2234,-0.3618,-1.61636,-1.37585,-1.75476
24040800020802,24040800.0,양산동,37.9216,-2.41151,-0.02298,0.23712,41.467,12.4,0.6,942642.42,1689549.8,-0.80338,-0.63647,-1.26933,-0.30406,-1.83359,-1.43985,-3.40698
24040740030003,24040740.0,24040740,30.9605,0.23599,-0.0082,0.5373,189.598,38.0,1.7000000000000228,954391.22,1686498.04,-3.31835,0.86407,-0.44672,0.33105,-0.32168,-2.45428,-0.43735
24040800030401,24040800.0,양산동,37.0046,-4.57499,-0.01424,0.22734,40.1,5.8,0.0,942542.42,1688949.8,-1.13468,-1.02332,-0.78289,-0.65049,-3.06909,-2.158,-4.50247
24040700020103,24040700.0,삼각동,39.9625,2.22012,0.00185,0.21574,50.0,5.1,0.0,945309.09,1689316.47,-0.06602,-1.06436,0.11264,-0.65049,0.81139,-1.13038,0.27354
24040600010502,24040600.0,24040600,38.5334,2.17169,-0.00343,0.25319,54.762,44.5,0.5,943342.42,1687849.8,-0.58234,1.24507,-0.18123,-0.3618,0.78373,0.66273,0.2407
24040600020201,24040600.0,24040600,42.4635,-0.9257,-0.00821,0.1493,58.443,17.1,0.3,942742.42,1687549.8,0.83756,-0.36098,-0.44727,-0.47728,-0.98509,0.47658,-1.90964
24040610010303,24040610.0,24040610,36.7853,-4.98698,-0.0039,0.27847,31.44,14.4,0.3,942242.42,1688724.8,-1.21391,-0.51924,-0.20739,-0.47728,-3.30436,-1.73315,-3.98903
24040720010015,24040720.0,24040720,41.5732,1.3848,0.00255,0.17681,52.856,14.199999999999998,1.1,946742.42,1688249.8,0.51591,-0.53096,0.1516,-0.01537,0.33437,-0.01505,0.4706
24040820030202,24040820.0,신용동,36.0627,0.25879,-0.00792,0.36661,22.15,3.3,0.0,941542.42,1690949.8,-1.47498,-1.16986,-0.43113,-0.65049,-0.30866,-2.64484,-1.39028
24040810010202,24040810.0,건국동,35.1873,-1.26808,-0.02352,0.4101,56.658,6.3,0.0,944042.42,1691149.8,-1.79125,-0.99402,-1.29939,-0.65049,-1.18061,-2.78527,-3.13049
24040650010501,24040650.0,24040650,40.772,1.02281,-0.02518,0.08677,67.463,17.0,0.4,947442.42,1688149.8,0.22644,-0.36684,-1.39178,-0.41954,0.12764,-0.1404,-1.68368
24040820060102,24040820.0,신용동,38.102,-0.32299,0.00304,0.21304,20.567,41.0,0.0,941742.42,1690449.8,-0.7382,1.03992,0.17887,-0.65049,-0.6409,0.30172,-1.11252
24040820010201,24040820.0,신용동,36.3156,-1.21625,-0.02326,0.34893,21.0,3.8,0.0,941942.42,1690849.8,-1.38361,-1.14055,-1.28492,-0.65049,-1.15102,-2.52416,-3.08643
24040820030201,24040820.0,신용동,36.5893,0.35205,-0.02385,0.33339,20.75,4.1,0.0,941642.42,1690999.8,-1.28472,-1.12297,-1.31775,-0.65049,-0.25541,-2.40769,-2.22365
24040780010006,24040780.0,24040780,37.1,-1.23631,-0.00188,0.27697,72.326,6.8,1.4,944567.42,1690749.8,-1.10021,-0.96471,-0.09496,0.15784,-1.16247,-2.06492,-1.09959
24040610020205,24040610.0,24040610,36.2037,-0.18611,-0.01425,0.24592,48.55,43.2,0.5,941942.42,1687149.8,-1.42404,1.16887,-0.78344,-0.3618,-0.56273,-0.25517,-1.70797
24040570020104,24040570.0,임동,44.318,2.86431,0.00659,0.13843,38.567,18.4,0.7,945042.42,1687549.8,1.50757,-0.28478,0.37645,-0.24633,1.17927,1.22279,1.30939
24040800030305,24040800.0,양산동,36.8055,-4.76333,-0.01063,0.25491,42.758,2.6,0.0,942642.42,1688849.8,-1.20661,-1.21089,-0.58196,-0.65049,-3.17664,-2.4175,-4.40909
24040610020704,24040610.0,24040610,36.5628,0.2613,-0.02278,0.20074,31.145,8.2,0.0,941742.42,1687349.8,-1.2943,-0.88265,-1.2582,-0.65049,-0.30723,-2.17695,-2.21592
24040820050105,24040820.0,신용동,36.4743,0.37029,-0.00941,0.22268,32.0,6.8,0.0,942342.42,1691549.8,-1.32627,-0.96471,-0.51406,-0.65049,-0.24499,-2.29098,-1.40954
24040730010006,24040730.0,오치2동,42.3973,2.86661,-0.00534,0.22736,47.943,81.6,0.4,945717.42,1688824.8,0.81365,3.41968,-0.28754,-0.41954,1.18058,4.23333,0.4735
24040680020401,24040680.0,두암2동,40.4187,2.48062,0.02071,0.1953,77.5,23.7,0.4,948642.42,1686549.8,0.0988,0.02588,1.16234,-0.41954,0.96016,0.12468,1.70296
24040820040102,24040820.0,신용동,40.0744,1.14373,-0.01069,0.24173,46.736,4.3,0.0,942592.42,1690949.8,-0.02559,-1.11125,-0.5853,-0.65049,0.1967,-1.13684,-1.03909
24040570040012,24040570.0,임동,41.8876,1.49823,0.002,0.14555,43.533,25.8,1.1,945609.09,1687416.47,0.6295,0.14897,0.12099,-0.01537,0.39914,0.77847,0.50476
24040690020005,24040690.0,두암3동,43.8402,0.3999,0.00807,0.14692,67.396,26.399999999999995,2.2,948475.75,1686316.47,1.33495,0.18414,0.45883,0.61974,-0.22808,1.51909,0.85049
24040820040302,24040820.0,신용동,37.8804,-0.8745,-0.01605,0.26992,67.958,11.9,0.0,942692.42,1690749.8,-0.81826,-0.66577,-0.88363,-0.65049,-0.95585,-1.48403,-2.48997
24040660010001,24040660.0,24040660,39.3216,-0.33393,-0.00822,0.28434,58.173,15.699999999999992,1.5,947088.57,1687826.72,-0.29757,-0.44304,-0.44783,0.21558,-0.64715,-0.74061,-0.8794
24040680020402,24040680.0,두암2동,39.5611,0.83406,0.02203,0.17824,86.725,22.8,0.3,948742.42,1686449.8,-0.21104,-0.02687,1.2358,-0.47728,0.01985,-0.23791,0.77837
24040780010501,24040780.0,24040780,39.4678,1.03979,-0.00215,0.22588,67.435,13.3,0.5,945142.42,1690799.8,-0.24475,-0.58371,-0.10999,-0.3618,0.13734,-0.82846,-0.33445
24040820030104,24040820.0,신용동,36.2206,-1.17641,-0.01489,0.26835,20.55,5.3,0.0,941942.42,1691049.8,-1.41793,-1.05263,-0.81907,-0.65049,-1.12826,-2.47056,-2.59782
24040610020703,24040610.0,24040610,36.6179,0.19371,-0.00784,0.16789,38.54,6.6,0.0,941842.42,1687349.8,-1.27439,-0.97643,-0.42668,-0.65049,-0.34583,-2.25082,-1.423
24040780011801,24040780.0,24040780,39.5322,0.63692,0.0036,0.28752,65.146,10.5,0.5,945442.42,1690899.8,-0.22149,-0.74784,0.21004,-0.3618,-0.09273,-0.96933,-0.24449
24040560020201,24040560.0,신안동,42.2636,2.86724,0.01011,0.13308,33.7,65.5,0.0,944742.42,1686349.8,0.76534,2.47598,0.57237,-0.65049,1.18094,3.24132,1.10282
24040570020101,24040570.0,임동,41.0208,2.20112,0.01229,0.22014,61.052,52.4,0.4,944342.42,1687099.8,0.31633,1.70813,0.6937,-0.41954,0.80054,2.02446,1.0747
24040570010402,24040570.0,임동,38.725,1.45428,-1e-05,0.30532,55.546,36.0,0.0,944642.42,1687949.8,-0.51312,0.74684,0.00912,-0.65049,0.37404,0.23372,-0.26733
24040560010004,24040560.0,신안동,41.9736,2.80506,-0.00768,0.22253,32.908,9.3,1.3,945275.75,1686383.13,0.66057,-0.81817,-0.41778,0.1001,1.14543,-0.1576,0.82775
24040780011103,24040780.0,24040780,39.0478,0.35168,0.03339,0.23557,55.109,13.6,0.0,945392.42,1690349.8,-0.39649,-0.56613,1.86807,-0.65049,-0.25562,-0.96262,0.96196
24040820010105,24040820.0,신용동,37.2501,-0.51266,-0.02037,0.34816,19.725,5.7,0.0,941842.42,1690849.8,-1.04598,-1.02919,-1.12407,-0.65049,-0.74922,-2.07517,-2.52378
24040800030304,24040800.0,양산동,35.8205,-3.90071,-0.0039,0.22713,49.1,3.9,0.0,942742.42,1688849.8,-1.56248,-1.13469,-0.20739,-0.65049,-2.68403,-2.69717,-3.54191
24040590010005,24040590.0,24040590,43.8479,2.4473,0.00974,0.13635,36.19,29.7,1.7,944209.09,1686783.13,1.33773,0.37757,0.55178,0.33105,0.94113,1.7153,1.82396
24040820030301,24040820.0,신용동,39.5397,2.70372,-0.01363,0.28519,20.39,12.8,0.0,941642.42,1690549.8,-0.21878,-0.61302,-0.74894,-0.65049,1.08756,-0.8318,-0.31187
24040780010302,24040780.0,24040780,39.5674,0.27499,-0.00128,0.21435,63.25,17.6,0.5,945342.42,1690549.8,-0.20877,-0.33167,-0.06157,-0.3618,-0.29941,-0.54044,-0.72278
24040640011401,24040640.0,문흥동,39.3692,-0.26353,0.00045,0.18566,56.481,22.4,0.3,947642.42,1687499.8,-0.28038,-0.05032,0.03472,-0.47728,-0.60695,-0.3307,-1.04951
24040610010204,24040610.0,24040610,35.6273,-2.90839,-0.00976,0.31538,35.431,13.4,0.5,942142.42,1688349.8,-1.63229,-0.57785,-0.53354,-0.3618,-2.11734,-2.21014,-3.01268
24040660010601,24040660.0,24040660,38.8278,-1.7249,0.00598,0.19078,57.567,25.5,0.2,947142.42,1687699.8,-0.47598,0.13139,0.3425,-0.53501,-1.44149,-0.34459,-1.634
24040620010304,24040620.0,24040620,39.6207,0.86352,-0.052,0.16452,46.5,18.3,0.9,946942.42,1686249.8,-0.18951,-0.29064,-2.88451,-0.13085,0.03668,-0.48015,-2.97868
24040700020101,24040700.0,삼각동,36.7341,1.30313,0.00356,0.34623,68.431,3.6,0.0,945142.42,1689349.8,-1.23241,-1.15228,0.20781,-0.65049,0.28773,-2.38469,-0.15495
24040690020302,24040690.0,두암3동,39.2427,-0.62972,-0.00161,0.25445,92.463,52.8,0.2,948792.42,1685449.8,-0.32608,1.73157,-0.07994,-0.53501,-0.81607,1.40549,-1.43102
24040570040006,24040570.0,임동,43.122,3.58508,0.009,0.17286,42.874,44.4,1.8,945817.42,1687724.8,1.07547,1.23921,0.51059,0.38879,1.59088,2.31468,2.49026
24040550030301,24040550.0,24040550,43.6896,3.18279,-0.00779,0.187,29.39,22.2,0.0,944092.42,1686249.8,1.28054,-0.06204,-0.4239,-0.65049,1.36114,1.2185,0.28675
24040590010602,24040590.0,24040590,40.2025,2.99018,0.00793,0.22161,71.475,21.4,0.6,944542.42,1686849.8,0.02069,-0.10893,0.45104,-0.30406,1.25115,-0.08824,1.39813
24040730010901,24040730.0,오치2동,42.1415,3.09279,-0.00452,0.20939,44.169,32.5,0.3,945542.42,1687949.8,0.72123,0.54169,-0.2419,-0.47728,1.30975,1.26292,0.59057
24040780011702,24040780.0,24040780,39.8867,2.58918,0.00709,0.18735,61.325,39.2,0.3,944942.42,1689949.8,-0.09341,0.93441,0.40428,-0.47728,1.02215,0.841,0.94915
24040570010104,24040570.0,임동,41.139,1.81346,-0.00456,0.19666,54.483,54.8,0.0,944942.42,1688049.8,0.35904,1.8488,-0.24412,-0.65049,0.57916,2.20784,-0.31545
24040690020004,24040690.0,두암3동,43.8993,-1.13775,-0.00138,0.13201,63.064,31.3,1.6,948375.75,1685766.47,1.3563,0.47135,-0.06713,0.27331,-1.10619,1.82765,-0.90001
24040820060202,24040820.0,신용동,39.2002,0.58044,-0.01018,0.21592,20.096,4.2,0.0,942042.42,1690599.8,-0.34143,-1.11711,-0.55692,-0.65049,-0.12498,-1.45854,-1.33239
24040690020401,24040690.0,두암3동,37.4178,-1.46228,-0.00238,0.27948,86.633,20.3,0.0,948792.42,1685549.8,-0.9854,-0.17341,-0.12279,-0.65049,-1.29152,-1.15881,-2.0648
24040690010001,24040690.0,두암3동,31.4581,-0.82913,-0.00798,0.56027,172.246,20.900000000000027,1.2000000000000015,949233.78,1685495.48,-3.13857,-0.13824,-0.43447,0.04236,-0.92994,-3.27681,-1.32205
24040780010002,24040780.0,24040780,33.436,-0.18233,-0.01037,0.51519,102.04,6.700000000000019,1.8000000000000052,945598.19,1691342.11,-2.42398,-0.97057,-0.56749,0.38879,-0.56057,-3.39455,-0.73927
24040831010009,24040831.0,중흥동,42.0141,0.69641,0.00536,0.12175,37.766,17.1,2.3,946292.42,1686449.8,0.6752,-0.36098,0.308,0.67748,-0.05875,0.31422,0.92673
24040820040202,24040820.0,신용동,37.5648,-1.22324,-0.01662,0.42154,43.386,23.7,0.0,942642.42,1690549.8,-0.93229,0.02588,-0.91535,-0.65049,-1.15501,-0.90641,-2.72085
24040740030002,24040740.0,24040740,28.5355,-0.04652,-0.0134,0.59028,346.773,42.10000000000219,1.8000000000000986,952507.44,1684918.35,-4.19448,1.10439,-0.73614,0.38879,-0.48302,-3.09009,-0.83037
24040570010301,24040570.0,임동,39.4428,1.6234,0.00581,0.36251,53.792,13.9,0.0,944742.42,1687949.8,-0.25378,-0.54854,0.33304,-0.65049,0.47062,-0.80232,0.15317
24040550030802,24040550.0,24040550,39.2589,0.42452,-0.02525,0.3336,31.215,23.5,0.0,944342.42,1685749.8,-0.32023,0.01416,-1.39568,-0.65049,-0.21402,-0.30607,-2.26019
24040810010104,24040810.0,건국동,37.3166,0.17115,-0.0054,0.28238,72.616,11.0,0.0,943942.42,1691049.8,-1.02196,-0.71853,-0.29088,-0.65049,-0.35871,-1.74049,-1.30008
24040570010403,24040570.0,임동,37.7775,1.83031,0.00154,0.21507,55.25,13.9,0.0,944492.42,1688049.8,-0.85544,-0.54854,0.09539,-0.65049,0.58878,-1.40398,0.03368
24040660010302,24040660.0,24040660,37.234,-1.63994,0.00132,0.16995,57.375,13.3,0.7,947442.42,1687649.8,-1.0518,-0.58371,0.08314,-0.24633,-1.39297,-1.63551,-1.55616
24040610020702,24040610.0,24040610,35.3493,-1.40745,-0.01623,0.17363,36.015,9.7,0.0,941842.42,1687449.8,-1.73272,-0.79473,-0.89365,-0.65049,-1.2602,-2.52745,-2.80434
24040580010202,24040580.0,중앙동,41.6442,2.24816,0.02316,0.14041,44.258,36.0,0.5,942942.42,1687249.8,0.54156,0.74684,1.2987,-0.3618,0.8274,1.2884,1.7643
24040740030001,24040740.0,24040740,32.4562,1.7506,-0.01444,0.50768,108.733,38.0,1.5,949596.96,1689857.91,-2.77797,0.86407,-0.79402,0.21558,0.54326,-1.9139,-0.03518
24040620010306,24040620.0,24040620,41.5328,1.08311,-0.04293,0.18318,47.192,5.8,0.0,947142.42,1686049.8,0.50131,-1.02332,-2.3797,-0.65049,0.16208,-0.52201,-2.86811
24040570010601,24040570.0,임동,39.3768,1.94711,-0.01686,0.25852,46.942,19.3,0.0,944942.42,1687949.8,-0.27763,-0.23202,-0.92871,-0.65049,0.65548,-0.50965,-0.92372
24040690020008,24040690.0,두암3동,42.5174,-0.23303,-0.00132,0.189,79.774,52.3,1.4,948717.42,1686199.8,0.85704,1.70226,-0.06379,0.15784,-0.58953,2.5593,-0.49548
24040590010501,24040590.0,24040590,41.1668,2.92297,-0.00087,0.1686,51.025,29.7,0.4,944442.42,1686749.8,0.36908,0.37757,-0.03875,-0.41954,1.21277,0.74665,0.75448
24040610020202,24040610.0,24040610,35.2737,-0.45094,-0.00924,0.19016,52.55,14.9,0.5,941842.42,1687149.8,-1.76004,-0.48993,-0.5046,-0.3618,-0.71397,-2.24997,-1.58037
24040820030105,24040820.0,신용동,35.3255,-0.98697,-0.01873,0.27579,20.847,6.1,0.0,941842.42,1691149.8,-1.74132,-1.00574,-1.03279,-0.65049,-1.02008,-2.74706,-2.70336
24040720010401,24040720.0,24040720,42.6679,3.45478,-0.01108,0.10662,43.025,9.0,0.0,946142.42,1687999.8,0.91141,-0.83576,-0.60701,-0.65049,1.51647,0.07565,0.25897
24040560010401,24040560.0,신안동,42.8043,1.82504,-0.00646,0.27329,40.717,38.5,0.5,945642.42,1686249.8,0.96069,0.89338,-0.34987,-0.3618,0.58577,1.85407,-0.1259
24040610020802,24040610.0,24040610,37.9724,-1.64372,-0.01279,0.27146,57.936,25.4,0.3,942542.42,1687949.8,-0.78502,0.12553,-0.70218,-0.47728,-1.39513,-0.65949,-2.57459
24040710010401,24040710.0,24040710,40.826,2.70023,0.01516,0.14555,49.769,15.7,0.5,944842.42,1688549.8,0.24595,-0.44304,0.85344,-0.3618,1.08557,-0.19709,1.57721
24040580010201,24040580.0,중앙동,39.7784,1.60834,0.00873,0.17241,46.016,29.6,0.4,942942.42,1687349.8,-0.13254,0.37171,0.49556,-0.41954,0.46202,0.23917,0.53804
24040550030801,24040550.0,24040550,38.6961,1.13838,-0.02198,0.31045,30.592,23.5,0.0,944242.42,1685699.8,-0.52356,0.01416,-1.21368,-0.65049,0.19364,-0.5094,-1.67053
24040690020502,24040690.0,두암3동,35.6487,0.06571,-0.00037,0.45858,97.962,32.8,0.3,948842.42,1685749.8,-1.62455,0.55928,-0.01092,-0.47728,-0.41893,-1.06527,-0.90713
24040610021302,24040610.0,24040610,37.2387,-1.5079,0.00366,0.16048,44.325,1.3,0.0,942042.42,1687249.8,-1.0501,-1.28709,0.21338,-0.65049,-1.31757,-2.33719,-1.75468
24040690020201,24040690.0,두암3동,40.6524,-0.96414,0.00451,0.2066,86.258,38.9,0.3,948642.42,1685449.8,0.18323,0.91683,0.26069,-0.47728,-1.00704,1.10006,-1.22363
24040610021201,24040610.0,24040610,36.3321,1.2605,-0.00947,0.34851,53.85,7.9,0.0,942342.42,1686849.8,-1.37765,-0.90023,-0.5174,-0.65049,0.26338,-2.27788,-0.90451
24040620010307,24040620.0,24040620,40.4369,0.13948,-0.04214,0.1844,45.69,5.1,0.5,947042.42,1686049.8,0.10537,-1.06436,-2.33573,-0.3618,-0.3768,-0.95899,-3.07433
24040780011602,24040780.0,24040780,40.4558,1.21038,0.00222,0.16042,62.628,9.1,0.4,944942.42,1690349.8,0.1122,-0.8299,0.13323,-0.41954,0.23476,-0.7177,-0.05155
24040690020205,24040690.0,두암3동,40.4501,-1.25616,0.00245,0.27155,72.575,111.0,0.3,948542.42,1685649.8,0.11014,5.14295,0.14603,-0.47728,-1.17381,5.25309,-1.50506
24040570010302,24040570.0,임동,39.4976,1.79097,-0.00699,0.34541,51.342,16.8,0.0,944842.42,1687949.8,-0.23399,-0.37856,-0.37937,-0.65049,0.56632,-0.61255,-0.46354
24040720010701,24040720.0,24040720,41.9303,3.24602,-0.00406,0.23194,48.65,27.2,0.4,946042.42,1688449.8,0.64492,0.23103,-0.2163,-0.41954,1.39725,0.87595,0.76141
24040831010806,24040831.0,중흥동,40.575,3.28694,0.00055,0.1482,41.407,7.8,0.0,946742.42,1686349.8,0.15527,-0.9061,0.04028,-0.65049,1.42062,-0.75083,0.81041
24040660010301,24040660.0,24040660,37.7602,-1.58986,-0.01158,0.20933,53.433,18.5,0.5,947342.42,1687649.8,-0.86169,-0.27892,-0.63484,-0.3618,-1.36437,-1.14061,-2.36101
24040570040601,24040570.0,임동,44.5225,3.757,0.0117,0.12454,40.575,28.9,0.4,945592.42,1687649.8,1.58146,0.33068,0.66086,-0.41954,1.68906,1.91214,1.93038
24040831010013,24040831.0,중흥동,41.0513,0.24241,-0.00036,0.10755,39.987,33.8,2.0,946892.42,1686749.8,0.32735,0.61789,-0.01036,0.50426,-0.31802,0.94524,0.17588
24040820030304,24040820.0,신용동,39.1684,1.84684,-0.00292,0.29744,20.315,19.1,0.0,941592.42,1690649.8,-0.35292,-0.24375,-0.15285,-0.65049,0.59822,-0.59667,-0.20512
24040610020901,24040610.0,24040610,38.3823,-2.58528,-0.01788,0.14982,38.162,20.3,0.0,942042.42,1688049.8,-0.63693,-0.17341,-0.98548,-0.65049,-1.93283,-0.81034,-3.5688
24040730010903,24040730.0,오치2동,42.3893,3.3373,-0.00739,0.21106,44.258,37.0,0.3,945642.42,1687949.8,0.81076,0.80546,-0.40163,-0.47728,1.44938,1.61622,0.57047
24040600010603,24040600.0,24040600,37.3012,0.12239,-0.01725,0.2488,48.351,8.6,0.0,943309.09,1687983.13,-1.02752,-0.8592,-0.95042,-0.65049,-0.38656,-1.88672,-1.98747
24040820050102,24040820.0,신용동,36.6763,0.62485,-0.05417,0.24168,25.708,8.5,0.0,942242.42,1691549.8,-1.25329,-0.86506,-3.00529,-0.65049,-0.09962,-2.11835,-3.7554
24040820030103,24040820.0,신용동,36.0354,-1.17936,-0.02031,0.23783,21.438,2.9,0.0,941792.42,1691049.8,-1.48484,-1.19331,-1.12073,-0.65049,-1.12995,-2.67815,-2.90117
24040820040201,24040820.0,신용동,37.818,-1.47639,-0.017,0.33259,41.781,19.7,0.0,942592.42,1690649.8,-0.84081,-0.20858,-0.9365,-0.65049,-1.29957,-1.04939,-2.88656
24040720010301,24040720.0,24040720,41.1662,2.06401,0.00316,0.2248,52.158,13.0,0.0,946842.42,1688299.8,0.36886,-0.6013,0.18555,-0.65049,0.72224,-0.23244,0.2573
24040780011902,24040780.0,24040780,39.3812,0.96443,0.00054,0.29898,68.783,13.2,0.6,945392.42,1691049.8,-0.27604,-0.58958,0.03973,-0.30406,0.09431,-0.86562,-0.17002
24040590010502,24040590.0,24040590,41.0062,2.738,-0.00518,0.20022,45.175,63.4,0.5,944442.42,1686649.8,0.31106,2.35289,-0.27863,-0.3618,1.10714,2.66395,0.46671
24040680020702,24040680.0,두암2동,39.7405,2.47348,-0.01605,0.17347,87.8,21.4,0.5,948642.42,1686799.8,-0.14623,-0.10893,-0.88363,-0.3618,0.95608,-0.25516,-0.28935
24040831010801,24040831.0,중흥동,39.216,2.3818,-0.01459,0.1282,41.016,12.9,0.0,946742.42,1686449.8,-0.33572,-0.60716,-0.80237,-0.65049,0.90372,-0.94288,-0.54914
24040580010001,24040580.0,중앙동,41.8199,1.94214,0.00824,0.12517,37.621,15.6,1.9,943042.42,1687229.8,0.60504,-0.4489,0.46829,0.44653,0.65265,0.15614,1.56747
24040650010803,24040650.0,24040650,40.8922,3.17027,-0.00953,0.18091,78.75,18.4,0.4,947742.42,1688449.8,0.26987,-0.28478,-0.52074,-0.41954,1.35399,-0.01491,0.41371
24040820030303,24040820.0,신용동,36.086,1.52737,-0.00958,0.32501,19.738,38.3,0.0,941492.42,1690549.8,-1.46656,0.88166,-0.52352,-0.65049,0.41578,-0.5849,-0.75823
24040690020202,24040690.0,두암3동,39.5856,-0.80764,-0.00092,0.24661,80.613,39.9,0.3,948642.42,1685599.8,-0.20219,0.97544,-0.04153,-0.47728,-0.91767,0.77325,-1.43648
24040780011903,24040780.0,24040780,39.2383,0.71624,-0.01221,0.30238,67.942,10.3,0.0,945342.42,1691149.8,-0.32767,-0.75956,-0.6699,-0.65049,-0.04743,-1.08723,-1.36782
24040831010102,24040831.0,중흥동,43.8259,1.47042,-0.00124,0.19526,41.883,77.3,0.4,945992.42,1686149.8,1.32978,3.16763,-0.05934,-0.41954,0.38326,4.49741,-0.09562
24040831010011,24040831.0,중흥동,43.1909,1.24247,-0.00371,0.13872,39.19,17.7,2.7999999999999994,946275.75,1686216.47,1.10037,-0.32581,-0.19682,0.96617,0.25309,0.77456,1.02244
24040810010201,24040810.0,건국동,38.7282,-1.00414,-0.01698,0.28064,51.652,16.2,0.0,943942.42,1691199.8,-0.51196,-0.41373,-0.93539,-0.65049,-1.02989,-0.92569,-2.61577
24040550010110,24040550.0,24040550,40.0054,-2.78495,-0.0301,0.14641,41.05,3.4,0.0,945642.42,1684849.8,-0.05052,-1.164,-1.66561,-0.65049,-2.04685,-1.21452,-4.36295
24040780011401,24040780.0,24040780,38.5227,0.08344,0.01002,0.33089,61.025,23.0,0.5,945442.42,1690749.8,-0.58621,-0.01515,0.56736,-0.3618,-0.4088,-0.60136,-0.20324
24040580010112,24040580.0,중앙동,42.1359,2.02189,-0.00315,0.22592,29.051,33.6,0.0,943342.42,1686649.8,0.7192,0.60617,-0.16565,-0.65049,0.69819,1.32537,-0.11795
24040780010905,24040780.0,24040780,38.6798,0.30066,0.00562,0.23165,59.492,10.2,0.5,945442.42,1690449.8,-0.52945,-0.76542,0.32247,-0.3618,-0.28475,-1.29487,-0.32408
24040590010703,24040590.0,24040590,40.3512,2.24677,-0.0201,0.20316,60.2,29.0,0.6,944142.42,1687249.8,0.07441,0.33654,-1.10904,-0.30406,0.82661,0.41095,-0.58649
24040730010003,24040730.0,오치2동,41.858,2.59809,0.00153,0.14781,45.382,13.7,0.4,945502.42,1688729.8,0.6188,-0.56027,0.09483,-0.41954,1.02724,0.05853,0.70253
24040610021003,24040610.0,24040610,38.3124,0.22825,-0.0074,0.35164,48.35,53.5,0.0,942292.42,1687049.8,-0.66219,1.7726,-0.40219,-0.65049,-0.32611,1.11041,-1.37879
24040640010901,24040640.0,문흥동,38.8665,2.04164,-0.02825,0.26861,52.573,11.4,0.0,948092.42,1687699.8,-0.462,-0.69508,-1.56265,-0.65049,0.70947,-1.15708,-1.50367
24040710010501,24040710.0,24040710,41.5633,1.30096,-0.03772,0.18477,52.25,23.2,0.4,944742.42,1688849.8,0.51233,-0.00343,-2.08972,-0.41954,0.28649,0.5089,-2.22277
24040610020103,24040610.0,24040610,35.2936,-2.56044,-0.01696,0.33037,58.484,32.2,0.0,942042.42,1687949.8,-1.75285,0.52411,-0.93428,-0.65049,-1.91864,-1.22874,-3.50341
24040831010804,24040831.0,중흥동,39.2355,1.11024,-0.03343,0.13411,39.95,5.8,0.0,946542.42,1686349.8,-0.32868,-1.02332,-1.85095,-0.65049,0.17757,-1.352,-2.32387
24040680020303,24040680.0,두암2동,36.7023,0.84452,0.00249,0.31986,105.4,20.3,0.5,948892.42,1686449.8,-1.2439,-0.17341,0.14826,-0.3618,0.02583,-1.41731,-0.18771
24040820050104,24040820.0,신용동,36.7137,-0.27353,-0.04973,0.23478,28.788,7.3,0.0,942292.42,1691699.8,-1.23978,-0.9354,-2.75817,-0.65049,-0.61266,-2.17518,-4.02132
24040640010701,24040640.0,문흥동,40.1973,1.89017,-0.02431,0.17713,55.55,21.8,0.0,948242.42,1687749.8,0.01881,-0.08549,-1.34336,-0.65049,0.62297,-0.06668,-1.37088
24040640010803,24040640.0,문흥동,40.1096,2.46118,-0.03807,0.15231,55.475,3.0,0.0,948242.42,1687849.8,-0.01288,-1.18745,-2.1092,-0.65049,0.94905,-1.20033,-1.81064
24040780011501,24040780.0,24040780,40.2204,1.46703,0.00345,0.15356,60.146,12.7,0.5,944942.42,1690249.8,0.02715,-0.61888,0.20169,-0.3618,0.38132,-0.59173,0.22121
24040590010006,24040590.0,24040590,39.1568,2.34603,-0.0196,0.39204,54.245,18.5,1.8,944542.42,1686574.8,-0.35711,-0.27892,-1.08121,0.38879,0.88329,-0.63603,0.19087
24040820030101,24040820.0,신용동,35.3187,-1.41735,-0.03731,0.33366,21.048,2.8,0.0,941742.42,1691149.8,-1.74378,-1.19917,-2.0669,-0.65049,-1.26586,-2.94295,-3.98325
24040590010601,24040590.0,24040590,39.7522,1.62506,0.00469,0.21235,61.65,24.7,0.4,944542.42,1686749.8,-0.142,0.0845,0.27071,-0.41954,0.47157,-0.0575,0.32274
24040820040301,24040820.0,신용동,37.7785,-0.09179,-0.01521,0.30366,24.061,5.2,0.0,942442.42,1690799.8,-0.85508,-1.05849,-0.83688,-0.65049,-0.50887,-1.91357,-1.99624
24040570020801,24040570.0,임동,43.809,1.94365,-0.0192,0.19927,33.092,32.3,0.0,944942.42,1686949.8,1.32368,0.52997,-1.05895,-0.65049,0.65351,1.85365,-1.05593
24040640010902,24040640.0,문흥동,37.4497,1.56761,-0.03605,0.18011,53.062,7.2,0.0,948142.42,1687749.8,-0.97387,-0.94126,-1.99677,-0.65049,0.43876,-1.91513,-2.2085
24040660010304,24040660.0,24040660,39.2862,-1.71014,-0.02688,0.2235,56.308,11.7,0.7,947442.42,1687749.8,-0.31036,-0.6775,-1.4864,-0.24633,-1.43306,-0.98786,-3.16579
24040570041101,24040570.0,임동,40.9737,1.96022,-0.00572,0.30212,32.505,18.7,0.0,945142.42,1686599.8,0.29931,-0.26719,-0.30869,-0.65049,0.66297,0.03212,-0.29621
24040610020701,24040610.0,24040610,35.0121,-1.02373,-0.01745,0.22127,29.525,11.6,0.0,941742.42,1687449.8,-1.85455,-0.68336,-0.96155,-0.65049,-1.04107,-2.53791,-2.65311
24040780011402,24040780.0,24040780,39.2367,0.53548,-0.00654,0.24467,62.608,10.9,0.6,945342.42,1690749.8,-0.32825,-0.72439,-0.35433,-0.30406,-0.15066,-1.05264,-0.80905
24040780011301,24040780.0,24040780,39.9263,0.85348,-0.00299,0.23381,62.083,25.1,0.0,945242.42,1690749.8,-0.0791,0.10794,-0.15674,-0.65049,0.03094,0.02884,-0.77629
24040831011001,24040831.0,중흥동,40.5441,-0.74324,-0.01926,0.13329,42.562,14.3,0.0,946992.42,1686849.8,0.1441,-0.5251,-1.06229,-0.65049,-0.88089,-0.381,-2.59367
24040650010801,24040650.0,24040650,38.6269,2.58406,-0.02211,0.2146,80.325,22.2,0.4,947742.42,1688549.8,-0.54856,-0.06204,-1.22091,-0.41954,1.01923,-0.6106,-0.62122
24040690020206,24040690.0,두암3동,36.9854,0.11156,-0.00523,0.39187,83.142,95.3,0.2,948742.42,1685649.8,-1.14162,4.2227,-0.28142,-0.53501,-0.39274,3.08108,-1.20917
24040580010005,24040580.0,중앙동,40.7074,0.07755,-0.00035,0.1882,46.22,22.5,2.6,942802.42,1687229.8,0.2031,-0.04446,-0.00981,0.85069,-0.41217,0.15864,0.42871
24040650010802,24040650.0,24040650,39.6769,2.83606,-0.02312,0.24764,81.088,18.6,0.5,947642.42,1688499.8,-0.16921,-0.27306,-1.27712,-0.3618,1.16314,-0.44227,-0.47578
24040780011701,24040780.0,24040780,41.3556,2.43003,-0.00449,0.19487,60.25,11.2,0.5,945042.42,1690049.8,0.43729,-0.7068,-0.24023,-0.3618,0.93126,-0.26951,0.32923
24040640010501,24040640.0,문흥동,37.6756,2.69273,-0.02393,0.30531,80.765,9.8,0.0,948792.42,1688249.8,-0.89226,-0.78887,-1.32221,-0.65049,1.08128,-1.68113,-0.89142
24040680020602,24040680.0,두암2동,39.5714,2.78213,-0.00407,0.14631,90.287,33.3,0.7,948642.42,1686649.8,-0.20732,0.58858,-0.21685,-0.24633,1.13234,0.38126,0.66916
24040831010802,24040831.0,중흥동,37.9512,-0.46606,-0.0305,0.16933,38.8,5.5,0.0,946542.42,1686449.8,-0.79268,-1.04091,-1.68788,-0.65049,-0.7226,-1.83359,-3.06097
24040570010401,24040570.0,임동,37.6938,0.98815,-0.01397,0.37127,48.008,15.4,0.0,944542.42,1687949.8,-0.88568,-0.46062,-0.76786,-0.65049,0.10785,-1.3463,-1.3105
24040580010102,24040580.0,중앙동,42.2567,2.75531,0.01674,0.19207,31.433,22.1,0.0,943542.42,1686849.8,0.76285,-0.0679,0.94138,-0.65049,1.11702,0.69495,1.40791
24040620010701,24040620.0,24040620,40.2549,1.76593,-0.06629,0.17828,50.331,13.0,0.0,947242.42,1686349.8,0.03962,-0.6013,-3.67985,-0.65049,0.55202,-0.56168,-3.77832
24040831010012,24040831.0,중흥동,41.9654,0.79748,-0.01093,0.13386,41.638,31.0,1.7,946642.42,1686066.47,0.6576,0.45377,-0.59866,0.33105,-0.00104,1.11137,-0.26865
24040780010101,24040780.0,24040780,40.4832,0.54787,-0.01784,0.14059,59.075,9.9,0.7,945142.42,1690449.8,0.1221,-0.783,-0.98325,-0.24633,-0.14358,-0.6609,-1.37316
24040570010404,24040570.0,임동,37.6797,1.36434,-0.02233,0.43773,50.583,36.5,0.0,944392.42,1687949.8,-0.89077,0.77615,-1.23316,-0.65049,0.32268,-0.11462,-1.56097
24040620010305,24040620.0,24040620,39.596,2.78811,-0.05338,0.18432,54.818,5.5,0.0,947175.75,1686283.13,-0.19843,-1.04091,-2.96132,-0.65049,1.13575,-1.23934,-2.47606
24040620010308,24040620.0,24040620,38.1924,-0.05323,-0.06093,0.22843,50.735,15.4,0.0,947092.42,1686149.8,-0.70554,-0.46062,-3.38153,-0.65049,-0.48685,-1.16616,-4.51887
24040780010102,24040780.0,24040780,40.6011,2.27486,-0.04033,0.16506,62.5,27.4,0.5,945042.42,1690449.8,0.1647,0.24276,-2.23499,-0.3618,0.84265,0.40746,-1.75414
24040780010603,24040780.0,24040780,37.866,0.03801,-0.02459,0.23599,73.258,10.5,0.5,945142.42,1690949.8,-0.82347,-0.74784,-1.35894,-0.3618,-0.43475,-1.57131,-2.15549
24040780010906,24040780.0,24040780,38.7447,1.89013,-0.01012,0.17592,64.177,36.8,0.5,944942.42,1690049.8,-0.506,0.79373,-0.55358,-0.3618,0.62294,0.28773,-0.29244
24040570020803,24040570.0,임동,42.7659,2.28459,-0.034,0.11276,31.992,15.7,0.0,944842.42,1686949.8,0.94682,-0.44304,-1.88268,-0.65049,0.84821,0.50378,-1.68496
24040730011401,24040730.0,오치2동,41.3362,2.76907,-0.02165,0.14507,48.35,21.5,0.0,945642.42,1688849.8,0.43028,-0.10307,-1.19531,-0.65049,1.12488,0.32721,-0.72092
24040570020602,,임동,43.4669,3.35243,-0.00801,0.21245,51.485,22.5,0.0,944425.92,1687249.91,1.20008,-0.04446,-0.43614,-0.65049,1.45802,1.15562,0.37139
24040780011202,24040780.0,24040780,41.1172,1.98843,-0.02042,0.16205,60.475,13.3,0.7,945042.42,1690149.8,0.35116,-0.58371,-1.12685,-0.24633,0.67908,-0.23255,-0.6941
24040780010604,24040780.0,24040780,37.6474,0.13241,-0.03758,0.278,76.367,8.0,0.7,945042.42,1690849.8,-0.90244,-0.89437,-2.08193,-0.24633,-0.38084,-1.79681,-2.7091
24040831010803,24040831.0,중흥동,37.6449,0.39646,-0.0403,0.20052,38.662,9.2,0.0,946642.42,1686399.8,-0.90335,-0.82403,-2.23332,-0.65049,-0.23005,-1.72738,-3.11386
24040780010901,24040780.0,24040780,38.3955,0.28595,0.00771,0.30126,64.877,12.3,0.4,945442.42,1690549.8,-0.63216,-0.64233,0.43879,-0.41954,-0.29315,-1.27449,-0.2739
24040620010310,24040620.0,24040620,39.7615,-0.11216,-0.06819,0.24338,44.57,8.1,0.0,946942.42,1686149.8,-0.13864,-0.88851,-3.7856,-0.65049,-0.5205,-1.02715,-4.95659
24040640010801,24040640.0,문흥동,36.8562,1.33849,-0.04605,0.17401,52.285,5.8,0.0,948142.42,1687849.8,-1.1883,-1.02332,-2.55335,-0.65049,0.30792,-2.21162,-2.89592
24040550010101,24040550.0,24040550,39.0995,-2.76794,-0.05068,0.16555,39.925,12.3,0.0,945642.42,1684749.8,-0.37782,-0.64233,-2.81104,-0.65049,-2.03714,-1.02015,-5.49867
24040550030601,24040550.0,24040550,38.7629,0.72284,-0.04519,0.21054,34.758,8.8,0.0,944892.42,1685299.8,-0.49943,-0.84748,-2.50548,-0.65049,-0.04366,-1.34691,-3.19963
24040780010601,24040780.0,24040780,35.9903,0.0439,-0.02411,0.29779,81.95,18.1,0.7,944942.42,1690949.8,-1.50114,-0.30236,-1.33223,-0.24633,-0.43138,-1.8035,-2.00994
24040780010701,24040780.0,24040780,38.3402,0.55176,-3e-05,0.26323,68.777,11.8,0.6,945242.42,1691049.8,-0.65214,-0.67164,0.008,-0.30406,-0.14136,-1.32378,-0.43742
24040831010301,24040831.0,중흥동,41.6086,1.07652,-0.02098,0.16302,41.001,11.199999999999998,0.0,946775.75,1686083.13,0.5287,-0.7068,-1.15802,-0.65049,0.15832,-0.1781,-1.65019
24040780010903,24040780.0,24040780,38.5523,1.25565,-0.00985,0.17146,62.8,10.4,0.7,944942.42,1690149.8,-0.57551,-0.7537,-0.53855,-0.24633,0.26061,-1.32921,-0.52427
24040620010302,24040620.0,24040620,39.7728,3.16572,-0.07441,0.21274,55.625,15.3,0.0,947042.42,1686349.8,-0.13456,-0.46648,-4.13179,-0.65049,1.35139,-0.60104,-3.43089
24040660010402,24040660.0,24040660,38.7415,-1.62202,-0.03327,0.17543,59.717,55.6,0.4,947542.42,1687749.8,-0.50716,1.89569,-1.84205,-0.41954,-1.38274,1.38853,-3.64433
24040780010602,24040780.0,24040780,36.2574,-0.02496,-0.0302,0.22896,80.483,21.6,0.6,945042.42,1690949.8,-1.40464,-0.09721,-1.67118,-0.30406,-0.47071,-1.50185,-2.44595
24040620010301,24040620.0,24040620,37.8428,-0.21712,-0.07882,0.24218,52.9,19.2,0.0,947042.42,1686249.8,-0.83185,-0.23789,-4.37724,-0.65049,-0.58044,-1.06974,-5.60817
24040820050103,24040820.0,신용동,36.2105,-0.39773,-0.06963,0.22734,34.248,5.4,0.0,942342.42,1691649.8,-1.42158,-1.04677,-3.86575,-0.65049,-0.68358,-2.46835,-5.19982
24040600010601,24040600.0,24040600,35.8488,-3.82026,-0.05665,0.15757,50.583,7.1,0.0,943242.42,1688049.8,-1.55226,-0.94713,-3.14332,-0.65049,-2.63809,-2.49939,-6.4319
24040800010001,24040800.0,양산동,41.8189,0.72025,-0.00599,0.14088,35.708,4.9,0.0,943142.42,1690649.8,0.60468,-1.07608,-0.32371,-0.65049,-0.04514,-0.4714,-1.01934
24040590010701,24040590.0,24040590,37.2577,1.6048,-0.03151,0.3117,65.465,32.6,0.4,944092.42,1687349.8,-1.04324,0.54755,-1.74409,-0.41954,0.46,-0.49569,-1.70363
24040570041401,24040570.0,임동,39.533,1.04213,-0.01319,0.23043,47.921,14.1,0.0,945742.42,1687349.8,-0.2212,-0.53682,-0.72445,-0.65049,0.13868,-0.75802,-1.23626
24040570041403,24040570.0,임동,40.5432,1.10114,-0.009,0.17547,55.161,16.0,0.0,945692.42,1687249.8,0.14378,-0.42545,-0.49124,-0.65049,0.17238,-0.28167,-0.96935
24040550010104,24040550.0,24040550,37.5453,-4.29818,-0.08025,0.1987,37.9,6.1,0.0,945442.42,1684849.8,-0.93933,-1.00574,-4.45683,-0.65049,-2.91101,-1.94507,-8.01833
24040550010102,24040550.0,24040550,37.8557,-3.66665,-0.07018,0.20311,39.625,6.0,0.0,945542.42,1684749.8,-0.82719,-1.0116,-3.89636,-0.65049,-2.55036,-1.83879,-7.09721
24040550010103,24040550.0,24040550,39.5599,-3.04171,-0.06979,0.21394,37.38,14.3,0.0,945492.42,1684949.8,-0.21148,-0.5251,-3.87465,-0.65049,-2.19348,-0.73658,-6.71862
24040550010109,24040550.0,24040550,38.1658,-3.78886,-0.08346,0.18736,39.1,9.5,0.0,945342.42,1684949.8,-0.71515,-0.80645,-4.63549,-0.65049,-2.62015,-1.5216,-7.90613
24040550030602,24040550.0,24040550,39.44,0.14342,-0.0595,0.22402,34.838,19.6,0.0,944992.42,1685299.8,-0.2548,-0.21444,-3.30194,-0.65049,-0.37455,-0.46924,-4.32698
24040780011002,24040780.0,24040780,38.3612,0.02418,-0.04048,0.27231,62.85,8.1,0.6,945442.42,1690649.8,-0.64456,-0.88851,-2.24334,-0.30406,-0.44264,-1.53307,-2.99004
24040550010108,24040550.0,24040550,38.0714,-4.02854,-0.08392,0.23364,39.625,2.7,0.0,945542.42,1684849.8,-0.74926,-1.20503,-4.66109,-0.65049,-2.75703,-1.95429,-8.06861
